user_id,movie_id,date_added
240,5629,2024-08-17 11:26:41.432377
258,4505,2024-02-13 11:26:43.859685
670,2595,2024-09-12 11:25:05.114330
959,8661,2024-09-07 11:26:31.495539
646,7148,2024-09-26 11:26:09.576926
619,4628,2024-09-23 11:29:28.723117
515,5043,2024-08-04 11:28:48.962615
441,3393,2024-06-24 11:25:34.075517
401,4915,2024-09-22 11:25:50.968489
773,3365,2024-09-18 11:24:40.202755
358,2323,2024-10-07 11:25:19.781381
4,7401,2024-09-07 11:28:42.594123
599,1733,2024-04-08 11:26:55.446841
883,5596,2023-10-29 11:23:29.415519
14,6277,2024-10-08 11:27:49.980259
460,755,2024-09-20 11:25:05.978668
580,4420,2024-09-21 11:26:38.127578
590,7037,2024-05-05 11:24:30.752353
972,481,2024-06-27 11:26:34.988761
355,7073,2024-10-22 11:27:24.780558
204,6215,2024-02-16 11:25:22.203021
459,6851,2024-10-17 11:27:15.698780
131,7603,2024-09-04 11:28:53.934429
856,8288,2024-08-11 11:27:09.284239
317,3745,2024-04-13 11:27:07.682851
162,5547,2024-10-15 11:28:08.686661
400,4133,2023-11-09 11:28:29.884471
859,4571,2024-09-29 11:27:14.350180
97,96,2024-05-03 11:26:46.094556
292,3811,2024-09-12 11:29:00.063275
728,7231,2024-10-19 11:28:18.237548
754,1976,2024-07-22 11:25:22.489124
734,4591,2024-07-27 11:28:18.595157
443,2551,2024-10-22 11:28:06.431085
98,4525,2024-10-02 11:23:57.371367
735,9219,2024-06-27 11:25:07.938610
311,2165,2024-07-30 11:27:29.141833
386,215,2024-10-19 11:27:57.494398
702,908,2024-04-08 11:29:30.279706
334,7314,2024-05-22 11:27:27.043488
578,7780,2024-10-11 11:22:38.757553
18,420,2024-10-18 11:25:29.662732
728,4712,2024-09-28 11:23:56.237375
391,3881,2024-08-30 11:29:18.666299
748,2749,2024-10-17 11:26:23.899516
504,5690,2024-05-29 11:26:49.259719
473,3486,2024-08-18 11:28:31.692410
835,247,2024-05-29 11:23:03.114203
161,8750,2024-06-05 11:26:18.827476
545,3284,2024-05-29 11:25:55.363875
358,4051,2024-09-22 11:26:28.318504
323,6958,2024-10-12 11:28:51.601183
156,125,2024-08-26 11:24:27.633084
4,1207,2024-08-15 11:26:58.221815
155,1707,2024-10-09 11:29:36.046906
393,4207,2024-09-08 11:25:41.744295
408,4500,2024-06-19 11:27:32.624462
853,5166,2024-07-28 11:23:23.319431
589,7645,2024-08-28 11:22:57.100656
879,9426,2024-10-19 11:27:02.259956
599,7736,2024-06-03 11:29:25.559817
177,8590,2024-03-25 11:24:51.288735
859,579,2024-10-05 11:22:48.077596
754,6509,2024-06-01 11:27:58.227160
255,2487,2024-07-14 11:25:10.662794
129,1744,2024-10-04 11:24:53.937027
840,8757,2024-10-15 11:23:20.880731
4,4646,2024-09-16 11:23:03.203147
194,1013,2024-09-16 11:25:41.621401
119,9050,2024-07-05 11:24:01.444831
376,2948,2024-06-20 11:26:07.021500
608,6723,2023-12-28 11:26:42.197396
278,1995,2024-01-12 11:22:53.641195
12,5791,2024-08-25 11:26:31.379666
373,7637,2024-09-01 11:25:59.793519
700,2052,2024-10-22 11:24:44.320357
325,9413,2023-12-19 11:25:51.706695
734,1871,2024-10-22 11:27:07.100442
675,4662,2024-09-30 11:25:36.504285
597,7460,2024-08-25 11:22:52.499800
246,7459,2024-03-02 11:26:29.130476
538,9040,2024-07-28 11:25:37.395264
947,5285,2024-09-15 11:23:48.448111
531,7778,2024-08-15 11:26:49.184575
240,1707,2024-09-29 11:23:22.222703
335,914,2023-12-18 11:23:46.801166
320,625,2024-09-15 11:26:37.939160
232,9039,2024-06-09 11:24:56.289233
669,422,2024-07-08 11:28:40.069613
284,3131,2024-10-18 11:28:32.363840
201,6832,2024-08-31 11:25:34.562344
922,626,2024-07-17 11:29:15.202383
988,460,2024-06-12 11:28:54.923600
534,7702,2024-09-01 11:27:13.071234
495,8681,2024-09-25 11:28:55.619633
482,1576,2024-10-01 11:26:22.688699
743,7288,2024-09-25 11:27:47.016441
136,2099,2024-10-21 11:28:23.135095
699,5543,2024-10-09 11:23:53.194710
260,5330,2024-09-14 11:28:53.958432
932,5827,2024-10-16 11:24:35.080325
386,6187,2024-07-01 11:28:04.577562
831,4954,2023-11-21 11:26:09.155025
392,9299,2024-08-01 11:23:44.193672
378,7266,2024-03-18 11:25:50.321575
98,2159,2024-07-14 11:24:51.102753
461,1668,2024-09-03 11:23:35.174836
42,2500,2024-07-21 11:24:37.759069
390,7905,2024-06-06 11:28:00.361360
982,7598,2024-10-14 11:26:42.336519
492,6682,2024-05-28 11:27:32.136172
647,8421,2024-06-14 11:29:25.658797
412,8894,2024-08-25 11:25:43.819488
105,7454,2024-05-05 11:25:14.983876
853,2474,2024-05-03 11:24:15.212332
846,803,2024-07-12 11:25:13.738656
829,5417,2024-06-20 11:23:22.764195
314,3052,2024-07-31 11:24:38.513398
728,2015,2023-12-19 11:27:10.853915
463,184,2024-09-17 11:28:04.486674
943,4840,2024-10-15 11:23:47.432286
816,8294,2024-08-30 11:28:31.541586
316,7486,2024-10-14 11:23:38.280185
12,4420,2024-08-31 11:29:35.741777
933,3365,2024-04-24 11:29:10.018436
960,1915,2024-10-08 11:26:20.593843
508,3661,2024-01-31 11:29:09.238211
715,5212,2024-07-21 11:26:46.827050
817,649,2024-07-25 11:24:25.337487
276,5757,2024-09-18 11:27:42.052625
103,8483,2024-09-28 11:24:17.087446
471,1236,2024-10-04 11:29:15.700635
412,4630,2024-07-13 11:24:47.022496
6,2811,2024-01-06 11:24:06.633647
129,6548,2024-09-10 11:26:08.662629
890,5953,2024-09-30 11:27:40.251763
406,5455,2024-07-29 11:25:16.317964
382,5559,2024-07-23 11:23:36.531678
798,450,2024-06-08 11:27:28.851981
874,3685,2024-04-03 11:23:23.557766
166,8228,2024-08-30 11:24:13.722382
129,467,2024-06-10 11:24:28.437327
634,6557,2024-10-22 11:22:31.156213
275,3235,2024-06-05 11:22:52.763010
356,867,2024-01-05 11:25:31.674518
552,1174,2024-10-03 11:28:03.899599
155,323,2024-08-29 11:23:27.033205
933,4746,2024-07-16 11:23:29.455426
816,1037,2024-04-02 11:26:12.051582
183,3790,2023-12-21 11:27:38.209616
94,6865,2024-09-07 11:29:24.239135
479,4942,2024-02-03 11:27:40.740834
938,1773,2024-09-21 11:26:16.000530
182,4952,2024-09-10 11:28:08.243229
978,2230,2024-05-21 11:28:16.494348
515,8167,2024-05-28 11:22:51.817968
883,7723,2024-06-24 11:29:34.381488
138,2461,2024-08-31 11:26:23.287426
690,8828,2024-06-22 11:22:48.585840
84,7029,2024-08-05 11:24:23.370118
402,8103,2024-10-06 11:23:59.865124
303,6956,2024-09-15 11:22:56.104494
960,7783,2024-09-27 11:27:05.647158
266,288,2024-08-18 11:28:58.562405
438,6425,2024-04-07 11:25:31.637668
403,3896,2024-09-15 11:24:44.656663
350,4518,2024-07-25 11:23:00.054442
346,7316,2024-10-05 11:25:59.635182
358,306,2024-04-11 11:26:33.206387
550,1963,2024-08-03 11:25:59.809628
839,8855,2024-06-11 11:22:53.049450
305,3665,2024-10-17 11:26:48.422039
578,4723,2024-05-17 11:25:46.497509
299,5881,2024-09-11 11:23:08.997099
246,2653,2024-09-21 11:25:26.085542
799,6371,2024-10-07 11:28:13.082045
103,5862,2024-09-30 11:28:24.249568
949,6550,2024-08-04 11:25:33.035363
335,1660,2024-05-31 11:25:06.228082
194,8389,2024-01-20 11:23:12.526531
589,3502,2024-09-26 11:29:17.782085
479,2556,2024-08-20 11:22:44.883486
359,2757,2024-10-03 11:26:36.031304
685,5594,2024-10-14 11:27:09.601500
932,8864,2024-10-21 11:29:26.864868
856,151,2024-02-26 11:23:35.860363
463,2129,2024-06-27 11:24:42.629777
746,3728,2024-09-22 11:24:09.071291
52,2122,2024-07-21 11:25:41.563995
700,1000,2024-07-23 11:28:37.259495
12,8417,2024-10-21 11:26:44.750031
523,5595,2024-05-01 11:29:05.078198
768,1449,2024-05-30 11:29:12.104210
521,8987,2024-09-26 11:27:37.846764
973,3879,2024-09-05 11:29:01.950423
515,7896,2024-10-19 11:26:03.989069
284,4243,2024-09-06 11:24:26.720114
278,3439,2024-07-23 11:25:57.654544
42,5656,2024-08-23 11:22:48.438555
730,3103,2024-06-01 11:29:19.853932
9,1998,2024-10-22 11:28:48.982618
516,4192,2024-02-07 11:27:24.529950
332,536,2024-08-03 11:24:36.628674
634,6925,2024-07-02 11:23:42.239854
715,592,2024-06-18 11:23:50.785692
438,3088,2023-12-03 11:25:49.625304
770,7363,2024-06-25 11:25:46.153837
314,6677,2024-09-27 11:23:18.829823
398,7669,2024-06-28 11:22:40.005164
157,3921,2024-08-12 11:28:15.453533
590,4419,2023-11-14 11:22:32.735249
259,5872,2024-08-09 11:27:12.100944
81,9256,2024-10-04 11:27:50.019730
284,6449,2024-10-13 11:24:49.966737
874,964,2024-07-24 11:24:07.617323
606,585,2024-05-24 11:27:29.578537
355,1471,2024-02-06 11:28:57.076514
310,7767,2024-10-18 11:23:37.772401
700,2551,2024-07-27 11:26:19.850213
883,4467,2024-07-20 11:24:57.119395
619,8776,2024-10-06 11:23:57.617271
240,160,2024-08-19 11:27:01.498263
382,758,2024-06-30 11:24:46.776011
597,6916,2024-07-14 11:23:33.079445
376,1183,2024-09-13 11:27:55.241420
470,2226,2024-06-04 11:28:46.691231
463,84,2024-09-24 11:28:59.370604
521,2788,2024-10-17 11:27:47.171209
743,8169,2024-10-19 11:27:28.721453
174,4676,2024-01-20 11:23:20.250418
351,1169,2024-08-02 11:23:37.238739
668,6832,2024-10-01 11:22:59.885218
73,875,2024-10-09 11:26:17.219831
890,890,2024-09-30 11:29:08.796418
840,4882,2024-10-04 11:25:42.601222
816,1594,2024-03-27 11:27:00.730641
691,6683,2024-07-29 11:26:14.767029
590,8962,2024-09-29 11:22:36.287764
502,4860,2024-09-21 11:28:52.555721
915,972,2024-10-19 11:23:37.463761
210,6034,2024-10-12 11:24:35.372135
619,8651,2024-06-26 11:25:10.143751
287,1590,2024-05-12 11:27:46.986907
759,7335,2024-09-18 11:29:05.319124
49,8157,2024-08-02 11:28:22.933239
435,3927,2024-07-29 11:25:50.942906
901,475,2024-01-06 11:29:26.417695
32,3918,2024-07-06 11:28:01.546644
943,7688,2024-09-25 11:27:42.115273
336,7638,2024-09-12 11:23:59.388952
502,7489,2024-10-10 11:23:31.658869
458,5939,2024-05-19 11:27:25.437873
810,3438,2024-03-23 11:26:20.561711
781,9348,2024-10-05 11:23:57.064560
346,2492,2024-05-10 11:26:53.997344
875,6950,2024-07-22 11:23:47.929698
960,9178,2024-07-24 11:26:01.393609
800,1111,2024-09-02 11:27:41.195024
529,1185,2024-07-10 11:25:01.881416
811,6106,2024-04-16 11:26:22.371430
767,7486,2024-08-03 11:23:57.502623
340,8288,2024-08-17 11:24:14.476119
325,4531,2024-06-06 11:26:36.749052
708,4398,2024-09-14 11:25:09.044867
626,8221,2024-06-05 11:28:50.006306
595,3889,2024-07-14 11:28:52.362599
335,5067,2024-10-04 11:27:55.329086
332,4646,2024-06-08 11:27:25.892573
590,6027,2024-06-29 11:28:58.195047
560,2017,2024-08-11 11:26:11.834512
369,378,2024-10-02 11:29:04.698434
579,5662,2024-10-18 11:29:17.446393
683,3120,2024-06-26 11:22:32.178808
319,5666,2024-08-28 11:24:11.240027
922,2394,2024-06-23 11:24:48.247682
333,4601,2024-08-17 11:22:53.874101
96,9214,2024-02-15 11:29:06.101357
658,1448,2024-07-11 11:25:38.045383
856,44,2024-08-22 11:24:00.103870
6,2457,2024-08-15 11:24:40.577854
449,8688,2024-01-12 11:29:15.498500
853,5500,2024-07-11 11:24:45.449333
105,86,2024-02-03 11:29:34.610385
155,9068,2024-09-30 11:27:23.895034
449,7398,2024-08-29 11:22:50.978818
129,7319,2024-10-13 11:23:36.166509
369,1099,2024-10-09 11:23:51.911765
86,3555,2024-10-19 11:23:15.582191
441,416,2024-03-13 11:26:12.304653
993,2599,2024-05-04 11:22:44.849618
555,7530,2024-06-05 11:25:25.748783
687,180,2024-07-13 11:24:50.208360
845,3287,2024-06-21 11:24:32.957194
350,1258,2024-07-30 11:23:34.250828
14,4463,2024-09-16 11:26:42.661034
745,874,2024-10-05 11:28:08.924954
816,6824,2024-04-17 11:23:11.986737
319,3441,2024-09-10 11:25:22.020527
239,7252,2024-06-07 11:27:12.294406
56,1571,2024-09-05 11:23:52.131546
185,3092,2024-01-26 11:27:39.863002
25,6088,2024-10-14 11:24:03.764315
989,6538,2024-07-30 11:23:45.823948
915,8045,2024-09-20 11:28:56.685115
136,682,2024-07-18 11:28:40.517640
96,9419,2024-09-29 11:28:36.745108
277,2254,2024-09-09 11:26:33.665579
305,8847,2024-08-29 11:24:37.796321
278,4085,2024-05-09 11:29:34.927843
477,7010,2024-10-14 11:23:55.194268
669,9250,2024-08-23 11:26:57.359665
720,1604,2024-10-10 11:23:27.285384
555,8049,2024-03-13 11:28:31.597108
515,8102,2024-10-17 11:28:39.376104
310,922,2024-09-30 11:29:08.926763
138,9179,2024-06-30 11:27:26.936010
884,8355,2024-07-18 11:28:39.323104
347,6340,2024-10-16 11:24:51.254712
314,4940,2024-05-12 11:23:30.271358
334,8496,2024-08-05 11:26:23.217582
914,4783,2024-09-14 11:25:35.601294
386,2338,2024-05-10 11:23:43.535522
982,244,2024-03-08 11:26:11.253222
486,75,2024-08-13 11:28:31.111171
26,4887,2024-09-08 11:28:44.727723
336,4070,2024-09-01 11:29:32.865989
829,2922,2024-10-22 11:25:12.707891
204,169,2024-10-16 11:29:21.535055
943,5988,2024-10-20 11:27:11.119523
692,3523,2024-02-23 11:24:54.514342
237,2970,2024-09-25 11:24:22.377446
426,2099,2024-07-29 11:28:58.936603
837,8809,2024-08-22 11:29:06.068353
115,8407,2024-08-29 11:24:22.815569
105,1710,2024-08-06 11:22:40.350774
590,4035,2024-07-09 11:26:19.787370
751,42,2024-10-04 11:26:51.015500
460,9328,2024-09-26 11:25:25.902418
701,3670,2024-05-16 11:28:34.826484
728,1113,2024-10-05 11:28:05.126885
277,3890,2024-02-14 11:27:22.775508
689,2613,2024-10-14 11:25:33.705313
32,831,2024-10-11 11:25:36.577903
940,594,2024-10-22 11:24:11.888226
364,1477,2024-09-13 11:27:14.294027
933,6825,2024-03-10 11:23:24.333449
246,7052,2024-02-04 11:23:28.015616
167,7354,2024-08-03 11:23:05.278045
978,5371,2024-07-02 11:28:47.777444
949,1953,2024-08-17 11:23:48.514607
18,7851,2024-06-19 11:25:15.975691
334,6475,2024-10-02 11:26:06.695434
454,6831,2024-08-11 11:23:48.247727
759,7383,2024-07-14 11:22:42.668690
594,7328,2024-10-18 11:24:00.040717
246,2070,2024-06-02 11:24:13.039674
392,2600,2024-01-22 11:28:39.501000
672,4522,2024-10-15 11:24:19.819870
176,42,2024-10-15 11:27:27.116810
735,4963,2024-10-14 11:27:40.245764
660,8679,2024-06-18 11:26:30.067093
479,5882,2024-07-29 11:26:08.151112
161,2464,2024-07-24 11:23:41.617599
531,2089,2024-03-23 11:25:50.100526
797,2198,2024-10-18 11:29:28.268269
471,8309,2024-04-27 11:25:59.226845
632,4928,2024-05-06 11:28:12.357209
393,6247,2024-09-10 11:28:50.626233
32,964,2024-10-19 11:27:31.784319
884,3967,2024-08-20 11:26:50.294644
625,8840,2024-07-28 11:28:33.533835
458,966,2024-09-03 11:26:55.399165
834,4653,2024-06-28 11:27:45.035284
91,8660,2024-06-09 11:27:37.017518
668,1628,2024-08-31 11:29:34.862313
758,82,2024-08-14 11:27:39.459506
986,2440,2024-08-12 11:24:08.514320
758,2712,2024-06-03 11:23:27.793093
96,2571,2024-02-02 11:26:37.581707
479,6602,2024-08-02 11:28:50.644238
840,7419,2024-10-13 11:22:47.381349
454,8121,2024-06-16 11:22:49.850706
403,7058,2024-09-10 11:29:15.399061
685,8895,2024-06-21 11:29:26.498859
487,9160,2024-09-15 11:24:21.250167
989,6260,2024-07-22 11:24:50.085319
811,3114,2024-08-13 11:29:29.245245
979,9404,2024-10-18 11:29:27.606939
413,1314,2024-10-05 11:27:55.217416
560,4839,2024-08-12 11:28:05.811043
978,4194,2024-07-13 11:27:43.721169
603,7372,2024-10-01 11:23:36.615409
39,7359,2024-04-26 11:24:21.954834
523,6505,2023-12-15 11:27:19.696423
929,6055,2024-06-15 11:23:48.238728
99,3661,2023-12-29 11:26:39.477554
277,3640,2024-10-16 11:24:32.643427
967,1791,2024-06-16 11:27:13.332383
320,7082,2024-09-08 11:23:39.997744
460,2342,2024-06-18 11:28:57.965227
32,3672,2024-09-27 11:29:07.021117
783,1133,2024-09-09 11:24:35.600564
471,2154,2024-05-13 11:23:47.368876
369,8779,2024-06-18 11:28:47.054273
477,3642,2024-06-21 11:22:39.548593
355,4526,2024-10-10 11:28:48.447462
408,5289,2024-07-30 11:25:58.594185
860,7953,2024-09-26 11:28:33.200424
8,3166,2024-09-02 11:24:52.949327
790,5027,2024-09-19 11:26:13.480201
689,1577,2024-08-07 11:24:06.844203
759,1022,2024-08-15 11:22:58.565093
458,464,2024-08-29 11:29:29.603609
538,3071,2024-02-16 11:22:34.812839
211,3743,2024-09-21 11:25:10.400953
599,1626,2024-10-12 11:24:38.033708
876,7137,2024-06-07 11:24:32.128757
382,4548,2024-04-30 11:28:38.092175
300,81,2024-07-25 11:27:24.227508
636,4432,2024-06-10 11:27:59.025632
458,323,2024-09-21 11:28:45.993997
981,8324,2024-01-11 11:24:04.694403
578,864,2024-02-25 11:24:27.194494
544,5233,2024-07-18 11:24:21.610486
362,692,2024-05-27 11:29:30.764733
626,9378,2024-10-01 11:24:07.050302
373,2349,2024-10-19 11:27:39.038654
932,5492,2024-09-14 11:25:41.134777
723,4231,2024-09-30 11:25:11.879287
273,2452,2024-06-28 11:24:24.064766
136,4930,2024-10-15 11:24:12.718619
216,5886,2024-08-26 11:24:40.387741
874,2316,2024-04-12 11:23:39.318675
619,5200,2024-09-21 11:28:03.943602
890,6064,2024-06-07 11:23:50.167467
592,5673,2024-06-11 11:27:01.536965
473,6034,2024-07-11 11:26:41.471375
161,3755,2024-10-19 11:23:57.875005
512,2661,2024-07-11 11:22:57.748903
621,1648,2024-04-26 11:23:11.817332
847,5220,2024-10-21 11:29:35.717780
735,6186,2024-04-16 11:28:02.913184
972,2917,2024-06-23 11:26:06.292337
565,9416,2024-06-03 11:25:27.646346
581,830,2024-10-05 11:23:33.093447
847,1253,2024-09-20 11:24:41.457478
883,7008,2024-09-10 11:27:14.280024
80,1550,2024-06-02 11:23:55.328302
408,5297,2024-07-29 11:29:05.779113
923,9133,2024-09-01 11:26:40.646365
848,1424,2024-03-07 11:24:08.272210
949,5115,2024-09-02 11:29:25.142565
386,5992,2024-09-25 11:27:43.105495
928,9320,2024-06-28 11:27:39.754805
157,286,2024-03-13 11:28:14.426600
643,5125,2024-08-17 11:27:23.665654
9,4164,2024-05-03 11:29:02.561373
582,384,2024-08-13 11:24:06.239948
438,4546,2024-06-24 11:28:31.063113
767,2132,2024-07-06 11:27:01.192462
175,4081,2024-09-01 11:23:10.727772
71,7083,2024-01-07 11:27:23.863566
113,5248,2024-06-23 11:28:59.851842
667,2543,2024-10-22 11:28:14.878923
943,5560,2024-06-24 11:28:13.633346
187,6329,2024-07-16 11:26:33.396628
360,2583,2024-09-15 11:27:47.263659
136,7128,2024-06-14 11:25:16.381070
840,787,2024-10-20 11:22:29.970234
645,1202,2024-10-02 11:23:42.120969
81,9181,2024-07-08 11:23:55.396003
797,1854,2024-01-23 11:27:17.870920
518,3071,2024-10-05 11:22:36.924509
287,157,2024-10-21 11:25:25.697317
917,7111,2024-10-15 11:28:23.205332
266,858,2024-08-07 11:29:22.783450
208,8856,2024-06-25 11:24:34.899259
240,4734,2024-08-07 11:25:59.379857
298,3801,2024-08-04 11:28:35.745254
728,1435,2024-03-07 11:25:33.393820
531,289,2024-10-16 11:28:42.159515
290,4825,2024-09-20 11:28:18.484281
655,5558,2024-08-14 11:24:20.006151
446,7563,2024-07-19 11:23:53.687854
561,3066,2024-09-02 11:22:56.464952
264,4309,2024-10-10 11:27:47.497481
21,2609,2024-07-17 11:23:27.094232
73,1981,2024-09-19 11:27:57.259239
744,6601,2024-08-22 11:23:27.936685
998,345,2024-03-18 11:25:29.604719
978,7485,2024-07-07 11:23:55.166308
806,7897,2024-08-19 11:24:06.558553
204,1963,2024-07-23 11:27:16.168116
786,1208,2024-06-11 11:24:26.033164
9,4236,2024-07-15 11:24:46.879071
346,2284,2023-12-22 11:27:38.459635
129,1089,2024-05-16 11:23:58.661468
722,1176,2024-09-07 11:23:03.175149
54,8544,2023-12-25 11:27:08.011863
105,7442,2024-09-21 11:23:43.970718
325,5685,2024-10-20 11:25:49.897327
389,3033,2024-09-30 11:25:58.875988
580,6127,2024-10-05 11:27:33.535271
277,7577,2024-10-20 11:26:04.165507
582,7752,2024-10-18 11:27:10.063098
14,5546,2024-10-12 11:28:34.059805
856,5263,2024-09-29 11:26:40.953432
589,3140,2024-10-09 11:28:18.180626
316,2465,2024-08-05 11:23:49.807566
411,3906,2024-10-08 11:26:36.715046
502,373,2024-04-21 11:22:42.948497
359,5827,2024-08-04 11:27:26.810727
84,762,2024-08-25 11:23:01.760614
778,2759,2024-04-18 11:26:36.638131
374,7664,2024-01-10 11:25:08.048527
32,1124,2024-09-25 11:26:20.687839
589,3758,2024-02-07 11:23:19.004059
408,5383,2024-07-11 11:25:29.553650
240,6812,2024-10-05 11:25:06.831196
191,294,2024-10-20 11:26:06.638238
521,3167,2024-04-25 11:24:54.097723
833,6533,2024-10-04 11:24:49.560577
673,1833,2024-02-15 11:28:08.866956
508,654,2023-11-22 11:27:42.527372
565,2604,2024-05-28 11:26:37.688063
87,324,2024-06-30 11:27:03.727268
755,3813,2024-10-02 11:23:07.870714
717,3097,2024-05-14 11:24:16.786701
655,3608,2024-05-07 11:25:04.000613
678,9033,2024-09-21 11:27:59.125960
504,82,2024-09-29 11:23:34.935570
913,5131,2024-07-13 11:23:07.524662
492,7548,2024-02-05 11:29:26.549128
988,1562,2024-02-15 11:24:22.321456
545,9176,2024-04-23 11:25:09.056481
616,8534,2024-05-08 11:23:54.706386
183,3840,2024-10-21 11:28:16.620349
924,8742,2024-09-19 11:24:01.603703
42,570,2024-10-09 11:22:55.599224
880,6863,2024-07-18 11:23:21.462758
979,6892,2024-10-11 11:26:45.819193
795,156,2024-10-09 11:28:06.586808
555,2071,2024-07-19 11:26:24.295395
319,6381,2024-10-10 11:23:44.487994
277,1462,2024-08-11 11:26:24.150252
346,7894,2024-10-13 11:25:55.687608
438,8040,2024-08-22 11:27:43.085498
517,451,2024-07-04 11:28:45.097446
75,4175,2024-08-31 11:27:48.144206
621,8544,2024-07-02 11:25:23.244227
915,4244,2024-05-25 11:27:40.619801
465,568,2024-04-19 11:25:35.788960
182,161,2024-06-10 11:23:48.975439
829,497,2024-10-21 11:23:34.438516
608,2464,2024-10-22 11:26:34.728958
140,6087,2024-09-29 11:26:52.553626
730,4039,2024-01-28 11:28:55.462769
797,9428,2024-09-26 11:28:57.843209
989,8699,2024-08-07 11:24:27.244839
523,5022,2024-05-23 11:29:30.867492
487,6672,2024-08-11 11:25:21.760649
487,9438,2024-09-16 11:29:15.978180
23,2283,2024-08-18 11:26:33.842571
362,2569,2024-09-24 11:27:42.452273
136,7925,2024-05-31 11:28:42.262350
351,2479,2024-05-02 11:23:57.070556
929,7511,2024-10-09 11:28:09.646334
325,1985,2024-10-14 11:25:55.198348
943,3511,2024-04-22 11:24:22.470313
616,4256,2024-08-15 11:23:56.007360
363,6355,2024-10-02 11:28:48.081755
265,6679,2024-10-07 11:28:06.594394
728,8692,2024-10-09 11:22:33.512889
334,5408,2024-03-24 11:23:26.152147
125,9318,2024-10-15 11:26:59.898067
647,5327,2024-08-16 11:22:49.760933
719,5315,2024-06-11 11:29:19.745735
655,2833,2024-04-12 11:24:43.854006
560,2477,2024-09-16 11:23:20.280414
881,4493,2024-10-08 11:29:20.147322
685,7023,2024-10-18 11:28:27.998533
223,3748,2024-05-06 11:24:27.646086
153,6392,2024-10-15 11:28:35.280309
751,4863,2024-02-27 11:27:57.886162
677,4286,2024-07-04 11:22:43.280101
183,8301,2024-07-21 11:26:44.065689
325,393,2024-08-01 11:24:58.964215
980,6565,2024-10-06 11:25:01.434368
767,59,2024-07-09 11:25:21.263022
608,4757,2024-07-30 11:22:55.366239
362,3581,2024-07-16 11:26:03.621514
811,8613,2024-09-30 11:28:56.158526
556,7943,2024-05-17 11:28:34.162229
266,7355,2024-10-22 11:28:30.212760
72,7725,2024-03-01 11:28:33.667282
235,8688,2024-05-21 11:24:56.715303
625,1533,2024-07-09 11:27:09.878592
425,7576,2024-08-31 11:25:33.916595
505,8368,2024-08-23 11:27:29.641105
289,5612,2024-08-23 11:29:15.856627
424,4176,2024-10-10 11:24:07.481189
266,9232,2024-05-16 11:23:03.331192
204,687,2024-06-03 11:23:08.627603
884,4704,2024-05-28 11:23:57.039988
443,511,2024-06-30 11:22:59.652332
511,3330,2024-03-04 11:24:27.445722
938,2934,2024-05-19 11:29:06.048091
454,8963,2024-05-20 11:23:26.665348
138,2463,2024-07-16 11:27:42.711814
369,3155,2024-07-02 11:26:14.854700
538,7329,2024-07-13 11:24:39.756612
472,1064,2024-10-01 11:25:35.904183
408,2370,2024-10-02 11:27:05.998972
534,5432,2024-08-11 11:29:27.727303
287,6911,2024-06-13 11:25:32.109866
374,1834,2024-07-25 11:24:29.197856
514,8671,2024-10-11 11:23:37.830672
305,4428,2024-10-13 11:23:21.273849
463,8866,2024-09-30 11:22:51.462104
58,74,2024-10-12 11:23:47.869850
42,3333,2024-05-02 11:24:07.017314
827,5135,2024-09-17 11:26:38.252675
304,5271,2024-07-30 11:24:08.360672
853,7130,2024-09-09 11:25:09.151922
284,4215,2024-01-24 11:24:17.601380
263,4271,2024-04-01 11:28:56.260229
837,234,2024-05-07 11:26:38.291700
62,1959,2024-09-08 11:23:37.413598
375,1140,2024-01-29 11:23:54.055816
715,3901,2024-10-14 11:23:18.637167
972,4781,2024-10-06 11:26:56.419065
589,8172,2024-08-28 11:27:50.201151
275,1944,2024-10-17 11:27:59.450758
216,6696,2024-03-22 11:22:51.090389
661,7243,2024-08-31 11:27:32.249098
855,6498,2024-01-20 11:23:13.579447
204,7951,2024-03-13 11:23:29.599246
577,1769,2024-06-04 11:29:27.990828
393,5171,2024-10-19 11:26:28.102286
728,6965,2024-09-10 11:25:55.287689
435,9189,2024-07-20 11:23:41.584602
512,4318,2024-07-27 11:22:52.260006
182,4805,2024-06-24 11:23:53.648387
566,5124,2024-07-11 11:23:05.022314
912,7709,2024-08-18 11:27:27.767718
157,6951,2024-10-17 11:24:18.376772
904,8760,2024-09-02 11:29:10.104157
182,3274,2024-03-05 11:22:33.178348
474,4696,2024-09-13 11:25:30.293880
215,1211,2024-07-10 11:25:37.427790
277,2201,2024-09-01 11:29:20.215318
14,7742,2024-06-23 11:27:49.025528
269,2790,2024-08-07 11:22:52.517806
859,7554,2024-10-14 11:24:38.008703
460,1495,2024-05-30 11:27:47.367646
228,3885,2024-08-01 11:23:30.485731
929,958,2024-08-30 11:24:08.239798
850,3794,2024-08-22 11:22:44.970795
338,8740,2024-10-08 11:28:54.170590
576,4548,2024-02-18 11:22:37.384578
98,4894,2024-07-05 11:25:50.236878
813,1126,2024-09-24 11:25:10.221399
534,3758,2024-10-15 11:22:38.240379
896,7316,2024-09-28 11:28:23.824404
452,7105,2024-06-29 11:24:32.114769
858,7429,2024-08-17 11:27:50.618545
240,9029,2024-07-16 11:24:47.487404
374,3948,2024-07-10 11:28:34.819488
74,3994,2024-07-05 11:24:14.853365
449,6337,2024-02-12 11:28:41.908238
841,8654,2024-07-19 11:24:20.457183
157,8949,2024-10-21 11:29:02.301535
460,7322,2024-03-21 11:28:13.824845
960,1406,2024-07-24 11:25:22.580184
763,2260,2024-10-13 11:27:15.109283
538,984,2024-07-26 11:26:13.205876
319,6880,2024-08-31 11:24:04.418425
325,5002,2024-07-06 11:28:44.318428
76,5888,2024-09-04 11:22:53.389029
735,5320,2024-08-04 11:28:32.933656
312,848,2024-03-30 11:22:50.921355
950,4301,2024-08-20 11:23:30.648294
479,1899,2024-09-03 11:26:37.702063
346,6434,2024-05-21 11:26:11.966496
246,1434,2024-07-18 11:26:25.103983
793,24,2024-01-25 11:29:01.166841
460,3139,2024-03-06 11:26:30.249757
281,4371,2024-10-15 11:26:15.767600
287,8166,2024-07-09 11:22:35.301422
393,8856,2024-08-29 11:28:32.881280
350,6249,2024-01-15 11:23:33.905471
844,7698,2024-07-21 11:26:03.530255
545,8214,2024-10-18 11:28:13.828841
406,2612,2024-09-26 11:29:32.552292
496,1054,2024-06-24 11:25:35.837294
49,9041,2024-07-26 11:27:36.278288
76,8203,2024-05-10 11:22:37.403584
438,7024,2024-09-04 11:28:59.538566
374,8638,2024-08-10 11:29:17.722580
304,3,2024-09-28 11:25:44.518383
346,6259,2024-09-03 11:28:13.088049
408,8197,2024-09-07 11:25:28.923303
715,8410,2024-08-12 11:24:47.979298
720,1483,2024-06-08 11:26:38.355933
138,7245,2024-09-06 11:22:39.571344
730,7315,2024-09-07 11:26:25.255389
393,2063,2024-10-17 11:27:04.559517
929,6312,2024-08-14 11:29:10.611439
393,2599,2024-05-19 11:29:31.636896
122,3997,2024-10-17 11:24:49.114396
487,9104,2024-08-03 11:23:15.666625
458,8478,2024-10-15 11:23:42.166685
278,4318,2024-09-04 11:22:48.197294
685,4985,2024-10-18 11:26:34.063304
388,4213,2024-10-10 11:29:32.180564
671,5888,2024-10-06 11:24:10.897360
135,2122,2024-07-27 11:29:23.303246
960,5317,2024-03-20 11:22:57.855480
490,4023,2024-08-23 11:28:42.004575
334,3705,2024-07-10 11:24:47.054492
890,9429,2024-01-01 11:26:27.938371
392,8810,2024-05-03 11:29:32.620496
734,1978,2024-08-28 11:23:15.194329
26,2509,2024-09-25 11:28:34.678239
621,7899,2024-07-06 11:29:07.656270
531,7831,2024-10-08 11:27:39.451517
508,7016,2024-04-12 11:22:46.415627
967,157,2024-06-22 11:23:35.189828
223,8404,2024-04-21 11:27:28.993411
199,6248,2024-04-25 11:28:17.012857
932,8197,2024-09-29 11:26:32.078730
4,7163,2024-04-28 11:23:26.388648
487,640,2024-07-23 11:23:21.455769
314,5097,2024-07-01 11:28:28.993510
482,6898,2024-10-13 11:23:06.715885
224,1331,2024-06-03 11:26:23.135160
758,3012,2024-09-27 11:25:34.104516
694,2903,2024-04-19 11:28:20.261403
687,468,2024-05-03 11:27:29.912527
850,1105,2024-06-30 11:29:35.920266
859,7176,2024-06-04 11:25:27.612352
80,4666,2024-08-27 11:25:20.556077
45,8116,2024-09-01 11:23:25.190884
835,6446,2024-07-01 11:25:34.436308
710,4352,2024-05-31 11:28:47.754440
885,2860,2024-02-22 11:25:06.166390
641,4614,2024-10-20 11:26:26.449691
621,4265,2024-05-03 11:22:53.719659
355,4522,2024-09-09 11:26:03.439334
595,9066,2024-05-08 11:29:22.447214
599,813,2024-10-16 11:27:22.274990
268,5481,2024-07-27 11:25:11.332347
413,7230,2024-04-19 11:28:55.598642
942,9390,2024-08-02 11:26:11.504507
946,8975,2024-03-18 11:27:01.969706
374,4388,2024-01-30 11:28:32.389982
130,1561,2024-01-25 11:29:17.128604
244,2649,2024-08-20 11:23:19.330956
217,1654,2024-07-24 11:27:56.150377
258,1129,2024-10-12 11:28:54.982604
9,2312,2024-06-15 11:23:51.882765
334,6473,2024-03-22 11:26:36.085542
281,1893,2024-09-14 11:25:38.729086
978,632,2024-10-08 11:23:27.136440
859,754,2024-07-10 11:26:15.678297
673,9008,2024-09-11 11:28:26.415448
745,5623,2024-03-28 11:29:31.600896
754,4850,2024-10-15 11:28:10.778462
500,8970,2024-09-15 11:27:42.728792
473,6848,2024-04-10 11:25:20.295277
918,1576,2024-10-13 11:24:54.962658
382,7390,2024-08-22 11:23:34.089919
246,3087,2024-06-25 11:27:12.336767
708,5504,2024-08-20 11:25:09.847569
4,2276,2024-05-06 11:24:44.515916
798,3021,2024-09-04 11:27:32.608445
556,7743,2024-08-15 11:22:35.479432
973,8487,2024-08-18 11:24:15.932668
86,1106,2024-04-24 11:29:32.406311
426,4733,2024-07-20 11:29:01.751395
607,1723,2024-01-13 11:28:14.149141
511,6531,2024-06-03 11:28:09.386842
734,8778,2024-10-11 11:23:08.529027
767,3642,2024-10-09 11:22:36.307759
773,6259,2024-04-26 11:28:50.593232
563,6514,2024-05-31 11:24:08.787643
798,5088,2024-01-28 11:28:50.402153
9,3469,2024-10-04 11:25:40.395919
438,1644,2024-08-13 11:23:02.215412
449,6822,2024-10-01 11:24:50.316769
5,5305,2024-07-27 11:29:05.443293
935,4391,2024-10-22 11:27:01.584941
730,2289,2024-07-28 11:29:22.067805
393,2168,2024-08-26 11:26:22.735690
244,1607,2024-02-26 11:27:24.083941
86,4086,2023-12-10 11:24:07.148233
904,4049,2024-10-03 11:25:10.686487
890,2845,2024-10-22 11:24:41.197143
195,8598,2024-03-19 11:23:12.574162
753,6742,2024-10-03 11:26:19.213695
100,115,2024-07-11 11:28:52.441678
747,906,2024-07-23 11:28:27.195676
619,8887,2024-06-25 11:25:19.400400
928,5366,2024-03-30 11:25:24.733361
436,6658,2024-09-11 11:28:48.788299
463,6776,2024-10-01 11:24:34.530522
26,9117,2024-09-17 11:24:39.024556
310,6333,2024-09-28 11:28:26.275094
4,7297,2024-09-02 11:28:12.771639
988,9404,2024-10-09 11:27:03.617968
508,8205,2024-09-25 11:29:08.775879
921,1971,2024-03-16 11:28:16.318879
291,2889,2024-09-29 11:25:42.639761
377,1112,2024-10-22 11:22:56.221487
917,4967,2024-09-04 11:24:39.434594
5,2526,2024-04-14 11:25:49.325898
890,5778,2024-08-10 11:25:39.206851
565,5789,2024-09-25 11:27:14.685715
589,5207,2024-08-26 11:28:03.929600
388,4967,2024-09-19 11:24:09.964290
305,8857,2023-12-23 11:22:44.299127
754,2323,2024-09-23 11:26:57.065295
266,9407,2024-03-02 11:28:21.148516
81,5539,2024-07-08 11:24:42.215952
459,8618,2024-06-26 11:25:20.084529
477,3035,2024-06-17 11:26:32.038526
487,904,2024-06-06 11:29:26.720931
866,9336,2024-07-06 11:23:48.405108
129,305,2024-08-22 11:26:41.140220
856,6912,2024-09-07 11:24:53.205892
110,6969,2024-08-03 11:27:41.462578
182,3981,2024-03-14 11:23:05.757716
376,5293,2024-07-29 11:28:27.141610
816,464,2024-04-14 11:29:28.412486
701,7503,2024-08-22 11:22:54.258834
669,249,2024-08-16 11:23:42.301766
922,6603,2024-07-12 11:28:45.791270
859,5112,2024-10-21 11:29:05.229157
463,6249,2024-07-20 11:23:21.159335
269,2819,2024-08-08 11:22:39.266107
443,1268,2024-10-19 11:23:40.836741
49,2147,2024-01-24 11:28:27.249190
515,9176,2024-07-30 11:24:54.451910
311,7083,2024-02-04 11:23:20.708237
556,6998,2024-10-14 11:24:29.731319
835,349,2024-04-21 11:22:45.213618
590,8262,2024-09-20 11:23:09.574055
838,9092,2024-09-09 11:22:40.544883
4,5435,2024-09-06 11:26:18.252145
103,5078,2024-09-20 11:28:36.776586
473,1933,2024-07-25 11:27:15.736462
669,6879,2024-10-11 11:24:46.986150
860,2789,2024-08-10 11:23:17.071510
182,4065,2024-09-30 11:25:43.386862
669,4143,2024-09-24 11:23:17.745330
320,7055,2024-09-02 11:26:35.264831
136,9271,2024-09-12 11:22:59.343690
560,5020,2024-07-01 11:24:34.233474
523,6797,2024-09-13 11:24:39.900714
886,5477,2024-06-06 11:27:58.447742
412,7881,2024-09-08 11:28:15.404529
12,5212,2024-10-15 11:23:14.390121
76,1986,2023-12-19 11:26:35.220698
310,8741,2024-09-14 11:26:33.578220
453,7426,2024-07-07 11:27:42.491513
599,9099,2024-09-10 11:27:21.312367
504,799,2024-10-14 11:25:24.246543
917,732,2024-08-11 11:27:30.616908
572,4635,2024-10-20 11:24:16.627443
373,7252,2024-07-22 11:26:00.315674
34,6075,2024-10-18 11:22:36.377635
432,9361,2024-07-26 11:26:02.344105
521,7928,2024-07-06 11:26:11.152131
980,8351,2024-06-03 11:23:19.535577
535,1000,2024-09-25 11:25:41.777294
547,2020,2024-10-17 11:25:20.951028
269,8937,2024-08-03 11:27:01.713421
443,2303,2024-07-10 11:28:35.182025
560,5247,2024-10-08 11:23:21.827315
723,1609,2024-04-27 11:24:24.433632
42,8546,2024-07-03 11:27:35.241082
767,2189,2024-07-09 11:24:41.499341
883,1181,2024-08-23 11:25:14.585157
545,4735,2024-10-08 11:26:48.792002
405,5200,2024-09-25 11:28:36.292299
689,6849,2024-05-01 11:28:43.675899
426,5131,2024-08-22 11:26:34.262505
266,7542,2024-09-13 11:24:08.464402
125,9185,2024-03-25 11:25:30.300880
287,5181,2024-02-04 11:22:43.083554
859,4628,2024-10-04 11:25:49.738798
733,2164,2024-10-12 11:25:29.194590
363,726,2024-05-21 11:27:28.427480
319,1419,2024-08-18 11:23:06.998166
454,6951,2024-10-07 11:22:36.978777
531,5689,2024-09-18 11:24:42.291407
246,1106,2024-09-04 11:29:27.398026
875,3552,2024-07-07 11:29:13.779681
340,6277,2024-06-14 11:24:03.618673
135,836,2024-08-03 11:23:50.837289
824,8973,2024-05-31 11:28:09.031540
796,5649,2024-08-25 11:24:48.724737
938,3056,2024-08-28 11:28:59.011182
449,4584,2024-09-03 11:23:10.214783
767,1578,2024-09-23 11:27:21.076306
183,9157,2024-08-31 11:28:19.519081
471,1288,2024-09-27 11:22:41.165739
408,1523,2024-09-09 11:25:21.556272
947,4603,2024-10-06 11:26:46.914101
138,8736,2024-07-13 11:28:04.983633
288,2808,2024-08-20 11:28:57.272346
636,4290,2024-07-16 11:28:38.243316
647,1105,2024-09-11 11:28:45.351124
277,8177,2024-04-01 11:26:50.597282
350,563,2024-02-09 11:22:50.120692
374,4962,2024-02-04 11:28:13.011792
938,6464,2024-05-15 11:26:00.440379
810,3642,2024-08-16 11:23:27.125228
335,3546,2024-05-03 11:29:05.924152
850,8506,2024-09-22 11:24:51.524291
340,2552,2024-06-09 11:25:08.562031
840,6095,2024-10-12 11:23:23.580551
715,3595,2024-09-30 11:24:34.067287
583,7139,2024-10-06 11:25:59.288790
173,5914,2024-06-01 11:25:42.298077
621,229,2024-09-07 11:25:32.130862
959,3461,2024-07-24 11:24:27.904673
575,2889,2024-10-15 11:24:58.136052
490,7899,2024-04-11 11:27:34.975438
441,2694,2024-10-22 11:24:17.564832
258,5041,2024-06-23 11:28:20.233940
74,9317,2024-10-09 11:25:34.867337
527,7727,2024-10-21 11:26:52.576625
437,321,2024-07-15 11:25:18.853457
949,4862,2024-08-22 11:28:51.521125
991,7852,2024-06-23 11:23:37.477171
662,207,2024-05-03 11:27:44.864020
97,3830,2024-06-21 11:29:01.914762
933,1596,2024-09-11 11:27:03.295238
121,7662,2024-07-06 11:24:36.107440
268,4780,2024-10-22 11:23:37.386716
904,7727,2024-06-30 11:24:34.588429
962,2950,2024-04-28 11:26:27.286936
492,7655,2024-10-01 11:24:22.497312
580,1754,2024-08-21 11:22:47.199705
959,6141,2023-11-30 11:29:30.849028
319,8798,2024-10-05 11:26:47.904621
880,8187,2024-10-05 11:29:23.561514
47,501,2024-10-17 11:23:00.848345
973,7919,2024-07-05 11:29:31.482433
395,862,2024-04-12 11:23:41.468740
327,6992,2024-03-03 11:28:58.919603
720,8247,2024-02-24 11:24:23.883882
487,7256,2024-09-06 11:29:12.528372
350,5180,2024-09-29 11:25:06.670845
421,2611,2024-10-20 11:29:25.927600
978,3457,2024-10-19 11:27:18.202468
961,3911,2024-08-01 11:26:27.576355
441,855,2024-05-10 11:27:54.360916
528,6480,2024-09-10 11:27:33.053776
904,5668,2024-08-29 11:23:11.516159
969,7828,2024-01-24 11:28:16.749875
9,5871,2024-09-25 11:22:39.100562
504,1286,2024-05-18 11:27:22.253334
406,2658,2024-10-01 11:29:15.602345
531,6288,2024-10-10 11:29:19.341746
332,3802,2024-10-11 11:25:20.596074
412,4889,2024-09-12 11:22:53.299336
78,6098,2024-10-17 11:23:30.805480
759,6071,2024-09-02 11:23:01.154401
981,8725,2024-07-30 11:23:57.389112
96,7183,2024-10-17 11:24:44.448792
268,3179,2024-09-03 11:23:22.119432
989,8273,2024-05-14 11:28:17.100956
138,2365,2024-10-14 11:27:26.930010
959,8738,2024-10-21 11:26:15.935888
393,986,2024-10-17 11:28:08.882971
103,2046,2024-03-22 11:28:50.884971
672,3618,2023-12-21 11:28:44.786175
504,7346,2024-06-18 11:28:23.008821
810,3304,2024-10-18 11:29:32.258072
726,776,2024-10-06 11:23:26.188760
859,5849,2024-05-19 11:26:49.354824
458,7709,2024-06-01 11:27:18.279710
142,6184,2024-09-28 11:29:29.107249
136,2987,2024-05-09 11:27:59.649819
560,1008,2024-08-22 11:26:33.012212
73,8623,2024-08-19 11:26:56.166507
246,3404,2024-10-13 11:27:38.214616
875,3604,2024-10-09 11:24:28.785441
730,4957,2024-06-19 11:25:01.788368
284,4760,2024-07-05 11:24:36.463361
917,1861,2024-03-31 11:26:22.199146
458,9118,2024-09-16 11:27:15.127404
81,3759,2024-10-13 11:29:18.930075
474,7940,2024-06-09 11:26:17.531207
819,7727,2024-07-12 11:29:35.004313
698,7656,2024-06-09 11:26:14.775034
614,6812,2024-09-28 11:27:18.118329
105,7691,2024-10-21 11:27:38.263397
155,3605,2024-09-13 11:27:50.225695
157,6872,2024-06-16 11:28:31.298453
904,8899,2024-03-04 11:29:31.335329
349,6911,2024-07-19 11:26:24.599541
246,6559,2024-08-08 11:24:48.186316
694,826,2024-08-07 11:27:12.091340
126,7325,2024-08-30 11:27:00.655018
577,5097,2024-09-30 11:28:51.114924
468,2163,2024-04-09 11:25:52.055634
814,4746,2024-08-30 11:22:42.920490
915,6320,2024-10-07 11:23:50.047360
811,511,2024-07-08 11:29:22.304521
560,8022,2024-10-07 11:24:43.005622
848,6832,2024-08-04 11:28:44.638459
979,690,2024-10-01 11:25:44.803593
268,5445,2024-10-03 11:27:37.049941
743,4881,2024-10-10 11:22:54.452812
943,317,2024-06-21 11:27:10.579134
278,6343,2024-10-10 11:23:55.722435
516,3203,2024-02-10 11:27:00.921403
201,8957,2024-09-20 11:26:02.485420
666,7337,2024-09-18 11:26:16.114792
201,7066,2024-06-04 11:28:06.100223
788,5654,2024-10-09 11:28:46.243099
886,9187,2024-08-27 11:24:21.567967
973,1968,2024-09-29 11:26:00.071420
473,503,2024-08-04 11:26:50.193315
859,2259,2024-10-22 11:29:35.897180
5,3666,2024-09-18 11:25:59.447606
105,5490,2024-08-15 11:26:14.637335
824,5427,2024-06-18 11:29:12.409106
602,2442,2024-09-19 11:24:03.000495
694,8370,2024-09-01 11:25:40.236397
495,8820,2024-02-20 11:26:48.455039
362,3478,2024-03-28 11:24:34.601956
655,8122,2024-09-12 11:22:34.558353
194,8588,2024-05-23 11:22:50.710183
304,877,2024-06-03 11:27:50.726158
42,2792,2024-08-27 11:26:58.009666
269,2442,2024-07-19 11:22:47.904756
42,1500,2024-08-04 11:27:19.337707
471,5158,2024-07-11 11:28:43.440505
492,6576,2024-10-12 11:29:04.051320
86,4377,2024-08-01 11:27:55.675643
565,5604,2024-10-20 11:27:53.986931
360,6121,2024-10-19 11:28:33.520839
580,4709,2024-08-13 11:25:04.834154
266,6396,2024-08-01 11:28:44.954041
856,8914,2024-10-15 11:22:57.403954
835,4590,2024-09-16 11:27:29.475545
595,8006,2024-10-17 11:29:16.118704
362,3657,2024-04-11 11:25:58.865991
268,4282,2024-04-28 11:24:14.358662
359,301,2024-07-20 11:22:45.282543
332,6574,2024-08-30 11:24:47.778717
972,3181,2024-10-21 11:26:48.065332
310,1103,2024-10-13 11:26:49.777353
183,8098,2024-04-07 11:26:18.203146
835,3134,2024-06-12 11:22:57.722864
918,7495,2024-10-19 11:26:32.556201
735,3333,2024-05-24 11:28:45.174838
359,6118,2024-05-19 11:24:52.479224
26,7725,2024-03-15 11:27:48.267523
258,440,2024-06-06 11:26:06.039998
661,2896,2024-04-15 11:25:29.698630
895,3695,2024-07-04 11:24:08.811063
657,4449,2024-07-30 11:28:51.683184
816,429,2024-10-08 11:25:59.093931
689,7307,2024-10-10 11:23:00.221613
589,9372,2024-01-31 11:22:48.283108
191,9299,2024-04-09 11:26:42.366456
961,4876,2024-10-19 11:26:10.435086
949,1435,2024-10-09 11:28:43.925537
735,5513,2024-08-25 11:26:39.318863
875,1561,2024-05-04 11:27:42.535382
373,5154,2024-08-11 11:28:58.065074
560,8887,2024-09-29 11:24:25.349494
217,5103,2024-09-12 11:29:10.836484
37,687,2024-07-19 11:29:33.559324
100,6117,2024-03-11 11:27:18.777666
278,3344,2024-05-21 11:29:07.929271
993,1900,2024-08-25 11:23:14.294188
565,7296,2024-08-10 11:24:40.369741
194,5409,2024-09-18 11:26:03.037835
191,38,2024-09-03 11:28:08.612269
535,9276,2024-01-17 11:23:48.845691
370,5068,2024-07-28 11:23:20.435874
161,4829,2024-09-28 11:28:51.103939
910,1095,2023-11-27 11:28:39.535629
454,7018,2024-09-17 11:28:22.339729
840,5360,2024-08-01 11:29:28.479453
703,6139,2024-07-05 11:26:11.659672
460,8692,2024-09-30 11:27:58.994106
685,5861,2024-10-10 11:27:42.294767
398,7084,2024-09-11 11:26:56.988250
277,6518,2024-06-27 11:26:59.747209
874,5387,2024-07-28 11:29:10.963606
346,6822,2024-09-21 11:27:19.766417
246,2538,2024-09-21 11:26:46.106557
60,3178,2024-07-24 11:27:34.670879
461,5780,2024-07-31 11:22:35.070159
674,671,2024-07-13 11:27:20.317651
346,7727,2024-06-16 11:25:07.265188
47,265,2024-05-05 11:24:12.836832
334,4858,2024-10-20 11:24:09.871374
840,8177,2024-08-07 11:23:58.485809
890,1044,2024-08-20 11:26:22.956422
655,124,2024-04-26 11:28:59.246366
400,9371,2024-06-20 11:24:27.456707
621,3838,2024-08-20 11:27:26.063289
139,5787,2024-03-26 11:27:54.881339
458,2140,2024-08-14 11:24:21.339139
487,3225,2024-09-07 11:27:41.868798
668,8129,2024-08-26 11:28:34.220217
26,3734,2024-07-14 11:26:35.029795
8,8928,2024-08-24 11:26:25.709801
848,7966,2024-07-10 11:22:44.562872
758,2495,2024-09-05 11:29:13.760675
589,4452,2024-07-06 11:24:39.801006
859,2986,2024-03-08 11:23:33.955195
972,9306,2024-07-21 11:23:45.314802
840,3244,2024-09-07 11:27:22.021289
470,2214,2024-06-23 11:26:36.504808
978,8110,2024-08-06 11:25:48.188671
324,6548,2024-06-08 11:27:41.746560
3,750,2024-04-01 11:25:05.685040
348,7678,2024-10-06 11:25:16.825547
826,5109,2024-09-06 11:29:29.918411
42,6717,2024-01-07 11:26:25.387385
136,7024,2024-09-16 11:24:28.047310
164,8735,2024-04-06 11:22:39.257100
378,48,2024-10-21 11:23:53.379775
78,5992,2024-09-05 11:24:23.849917
878,3959,2024-10-14 11:28:15.891049
208,6087,2024-10-04 11:23:39.338591
201,3145,2024-08-09 11:29:13.669403
4,716,2024-09-19 11:24:56.736477
798,8999,2024-09-14 11:28:27.908745
278,3704,2024-10-05 11:25:37.385270
58,5128,2024-09-07 11:26:44.683025
392,8172,2024-06-06 11:27:42.917062
870,8863,2024-10-19 11:29:22.103681
135,3988,2023-11-30 11:24:45.311469
754,4571,2024-07-20 11:29:12.765197
492,2312,2024-05-01 11:23:36.091176
565,9221,2024-04-20 11:24:47.948843
304,2855,2024-09-13 11:25:08.406814
590,2036,2024-10-09 11:28:49.394839
474,6756,2024-03-02 11:27:29.023414
217,6423,2024-09-26 11:23:21.666228
694,4371,2024-10-16 11:25:19.461683
717,2220,2024-07-15 11:23:41.140990
408,7142,2024-05-26 11:24:14.864360
185,4672,2023-11-08 11:28:33.707705
171,8948,2024-09-17 11:23:22.771190
332,1634,2024-06-28 11:25:57.053266
9,6073,2024-03-03 11:28:24.608967
407,2715,2024-10-14 11:24:13.189098
335,2381,2024-10-06 11:28:24.797565
694,5125,2024-10-16 11:29:04.996178
700,7043,2024-10-19 11:23:50.053364
668,8759,2024-10-04 11:26:59.976453
413,1909,2024-08-19 11:23:22.327338
875,6680,2024-03-01 11:26:35.169296
509,1167,2024-10-20 11:25:57.146182
688,7868,2024-09-30 11:25:15.035699
335,6089,2024-09-15 11:22:52.862638
479,7427,2024-10-08 11:24:29.599560
531,4278,2024-08-23 11:23:21.387204
280,7215,2024-09-29 11:24:59.731522
565,7811,2024-10-15 11:27:39.378553
571,8210,2024-06-14 11:23:30.434472
86,9068,2024-08-30 11:23:48.876689
390,263,2024-08-01 11:27:00.128671
552,2795,2024-09-05 11:27:14.333735
124,4712,2024-09-16 11:28:10.137222
270,7971,2024-08-11 11:29:31.853835
810,4325,2024-04-16 11:24:59.014883
471,5056,2024-05-03 11:24:45.851625
595,2405,2024-08-21 11:24:49.185557
959,1827,2024-10-16 11:25:34.593447
993,7685,2024-10-06 11:27:34.176246
981,980,2024-08-12 11:24:21.716820
8,860,2024-04-14 11:28:26.851480
538,4300,2024-08-08 11:24:37.427403
277,5889,2024-07-12 11:28:47.388718
595,3996,2024-03-21 11:29:14.214656
83,336,2024-09-27 11:26:10.932658
458,231,2024-07-21 11:26:46.243535
502,2750,2024-10-01 11:24:28.062562
86,5835,2024-03-12 11:24:23.050044
201,52,2024-10-05 11:22:42.600258
284,7430,2024-10-20 11:24:53.658735
840,3914,2024-05-07 11:24:28.530606
578,2955,2024-08-14 11:29:28.663106
224,436,2024-09-06 11:25:19.971570
353,5107,2024-09-09 11:28:10.327550
138,5538,2024-04-01 11:24:59.044646
297,548,2024-06-06 11:23:52.778311
6,510,2024-02-22 11:26:59.569687
631,8660,2024-08-28 11:25:21.288553
938,4607,2024-09-24 11:23:52.639287
837,35,2024-06-23 11:29:30.903237
373,4372,2024-09-06 11:25:29.168494
161,7560,2024-09-04 11:28:54.595850
860,5464,2024-01-17 11:28:49.604822
32,4184,2024-04-09 11:27:07.221235
657,5873,2024-03-18 11:29:01.794657
713,1051,2024-08-08 11:26:33.707256
314,1490,2024-09-24 11:28:59.485879
825,4614,2024-08-28 11:28:13.410654
479,1687,2024-06-25 11:28:15.382558
382,7509,2024-10-13 11:25:26.595545
535,2019,2024-06-14 11:25:18.433946
949,4397,2024-10-18 11:28:01.397247
287,3572,2024-10-16 11:27:16.981458
670,1905,2024-04-06 11:27:28.999415
398,2630,2024-09-05 11:26:47.618457
933,6461,2024-07-04 11:23:09.689278
441,4517,2024-08-18 11:29:28.729115
880,1234,2024-05-01 11:27:31.430482
769,6085,2024-01-26 11:29:29.988265
535,4889,2024-09-05 11:25:26.749441
815,5324,2024-10-14 11:23:51.251484
515,2068,2024-08-17 11:28:05.826048
932,6022,2024-09-26 11:24:27.302726
117,2840,2024-06-28 11:26:12.719318
883,3308,2024-05-15 11:23:43.344328
978,8007,2024-10-07 11:26:18.493646
811,6659,2024-04-27 11:28:20.320994
555,8320,2024-08-04 11:22:57.638774
538,6075,2024-02-14 11:25:43.418865
589,3953,2023-12-04 11:25:59.139237
71,907,2024-10-13 11:22:34.381549
689,103,2024-08-12 11:23:05.551625
960,5015,2024-02-08 11:28:36.413190
796,2921,2024-10-06 11:22:59.325581
242,4141,2024-02-19 11:22:49.685832
161,6834,2024-02-25 11:29:34.534162
266,9282,2024-10-07 11:24:35.948521
155,8114,2024-03-24 11:23:15.168332
848,2314,2024-09-20 11:22:52.171547
795,9123,2024-10-22 11:25:01.456371
363,3518,2024-06-25 11:24:58.037626
700,7620,2024-10-19 11:23:30.398645
538,5231,2024-07-09 11:27:14.767235
265,5816,2024-08-21 11:27:41.513687
362,1454,2024-09-21 11:24:20.139479
216,3853,2024-08-11 11:24:19.320873
590,1902,2024-08-14 11:29:24.371470
700,846,2024-02-09 11:22:32.769249
715,7010,2024-04-19 11:26:04.056073
997,612,2024-06-17 11:29:21.397390
282,4350,2024-05-20 11:25:29.155508
903,8725,2024-08-29 11:27:04.496352
487,2740,2024-08-12 11:24:55.679665
346,3575,2024-08-06 11:28:11.470608
521,3155,2024-08-24 11:29:02.289544
180,8030,2024-10-11 11:23:56.394511
621,7227,2024-09-07 11:25:34.115516
523,3092,2024-05-21 11:23:52.854155
468,9198,2024-10-02 11:26:56.960485
310,7062,2024-10-19 11:27:58.128094
880,7178,2024-09-09 11:25:17.630184
54,7760,2024-06-26 11:27:18.163249
538,7278,2024-10-19 11:25:26.403739
81,3868,2024-07-06 11:26:15.153543
943,3289,2024-10-22 11:26:43.886683
590,5517,2024-03-05 11:28:04.510673
938,3751,2024-09-17 11:28:26.658190
138,2951,2024-04-23 11:23:30.735096
374,451,2024-06-30 11:26:05.458037
320,7214,2024-10-01 11:29:14.605561
443,3612,2024-08-31 11:25:32.365423
994,5960,2024-07-12 11:24:51.646330
479,800,2024-10-21 11:23:10.266183
265,340,2024-02-10 11:25:39.559750
443,2879,2024-10-18 11:26:34.519629
170,751,2024-09-19 11:24:57.167523
349,4682,2024-05-05 11:25:34.488606
837,4796,2024-07-20 11:24:09.094677
471,294,2024-10-20 11:25:14.969295
245,1232,2024-04-24 11:28:40.229134
266,3033,2024-06-06 11:24:51.114751
3,3343,2024-06-13 11:29:34.050602
949,4445,2024-07-19 11:26:27.361307
81,1836,2024-08-17 11:27:49.148558
525,9239,2024-10-11 11:28:58.382276
540,1253,2024-07-30 11:24:52.660006
700,6697,2024-01-16 11:28:03.920602
587,3258,2024-08-31 11:25:13.954893
638,3377,2024-08-24 11:27:44.585570
973,8608,2024-04-09 11:24:42.135486
49,9199,2024-05-20 11:25:18.800369
561,8215,2024-08-16 11:26:33.786487
389,1022,2024-07-25 11:27:19.315995
647,4998,2024-08-30 11:25:58.909800
350,6230,2024-06-16 11:22:49.633407
382,1765,2024-07-17 11:28:13.642195
338,2539,2024-09-21 11:29:32.530293
877,3125,2024-09-03 11:22:32.869815
922,7675,2024-10-12 11:24:26.022163
680,4471,2024-09-17 11:28:41.295585
237,7669,2024-09-25 11:28:34.135132
685,432,2024-09-15 11:27:21.319367
386,3956,2024-10-18 11:24:56.851495
959,8498,2024-07-28 11:24:03.486096
138,2812,2024-08-28 11:27:21.264367
728,5445,2024-08-20 11:28:49.429474
268,2981,2024-05-13 11:24:01.357783
653,5849,2024-04-15 11:24:58.712978
749,2954,2024-09-13 11:27:14.041739
917,8861,2023-11-22 11:25:30.779153
182,4749,2024-07-28 11:26:41.826999
310,6298,2024-08-15 11:24:11.045321
73,5454,2024-07-27 11:28:32.851275
575,3947,2024-08-14 11:26:02.489419
590,3780,2024-08-29 11:23:48.882689
374,8441,2024-04-17 11:25:35.388728
140,937,2024-03-08 11:29:01.611635
578,8902,2023-12-11 11:23:56.207379
426,3493,2024-04-25 11:29:24.198451
359,3870,2024-10-17 11:26:54.930797
823,1798,2024-10-09 11:23:26.164002
47,7276,2024-06-04 11:29:22.290532
555,364,2024-05-09 11:26:35.844120
960,8369,2024-03-06 11:23:44.145740
531,8438,2024-10-16 11:28:38.165256
853,87,2024-09-12 11:26:30.417969
454,5565,2024-06-25 11:23:31.054772
874,5428,2024-08-18 11:25:45.427657
636,983,2024-06-11 11:23:43.331323
382,3448,2024-08-22 11:26:58.978395
589,1737,2024-10-07 11:23:51.090285
760,2631,2024-10-18 11:29:24.756344
101,551,2024-03-16 11:24:17.740726
915,8483,2024-09-23 11:26:16.080792
921,6647,2024-08-26 11:25:37.164382
449,461,2024-10-08 11:27:54.861342
101,6600,2024-10-15 11:24:00.116866
7,7585,2024-06-22 11:25:10.527307
49,4694,2024-08-11 11:25:58.970233
136,7245,2024-02-02 11:28:18.725390
376,6258,2024-06-11 11:23:26.229077
299,5210,2024-10-05 11:26:48.583959
86,2460,2024-07-31 11:23:12.580160
487,2327,2024-07-20 11:24:43.177094
523,2013,2024-08-23 11:23:45.901274
763,3652,2024-06-29 11:23:48.327326
874,6100,2024-06-02 11:24:54.967655
49,8172,2024-08-17 11:26:10.799372
717,7061,2024-09-06 11:27:57.342520
810,7478,2024-09-23 11:29:05.167353
204,5513,2024-09-21 11:28:12.494627
718,2606,2024-06-25 11:24:52.789907
933,648,2024-09-21 11:23:58.772222
591,9330,2024-06-13 11:27:07.749153
210,4747,2024-08-21 11:23:34.878239
305,1345,2024-07-13 11:27:08.383317
883,5814,2024-09-16 11:23:25.508784
152,2576,2024-08-30 11:23:57.455110
817,4680,2024-10-01 11:24:49.500124
412,8242,2024-04-23 11:23:06.686891
208,4554,2024-08-03 11:24:08.794645
268,5626,2024-01-08 11:24:41.994508
802,4604,2024-03-31 11:24:37.433401
351,6416,2024-04-12 11:27:29.957680
81,3913,2024-05-30 11:26:33.794487
492,1992,2024-09-26 11:26:49.264719
973,1776,2024-10-16 11:27:29.797830
346,496,2024-08-07 11:25:15.293881
614,2267,2024-10-18 11:28:47.144269
194,9439,2024-02-08 11:24:00.421162
884,1443,2023-12-24 11:28:40.907868
717,3700,2024-10-11 11:27:56.566159
350,4023,2024-09-06 11:23:07.752243
555,9004,2024-03-11 11:23:48.717474
3,1592,2024-07-25 11:26:02.017800
9,9339,2024-08-16 11:22:48.408554
841,1407,2024-08-17 11:25:38.138370
531,7249,2024-10-13 11:23:13.321056
608,4714,2024-06-26 11:25:04.901523
458,4742,2024-09-16 11:27:29.632096
523,1205,2024-10-22 11:27:29.583532
848,9062,2024-08-24 11:22:51.220904
332,7972,2024-07-18 11:27:57.354517
386,8657,2024-04-06 11:26:53.621765
454,5219,2024-02-08 11:27:26.117683
599,1277,2024-09-07 11:23:32.647239
915,5776,2024-10-19 11:27:57.070013
636,3681,2024-01-30 11:24:00.784564
829,9210,2024-03-11 11:24:51.029775
578,8614,2024-09-29 11:24:38.127654
241,1974,2024-09-22 11:23:55.153313
292,7984,2024-07-10 11:24:12.880582
715,1590,2024-09-19 11:26:58.947847
597,7554,2024-04-21 11:22:29.858988
310,6757,2024-05-15 11:28:23.610464
811,8470,2024-09-15 11:25:47.805663
811,4660,2024-09-30 11:24:47.099570
169,3635,2024-04-25 11:27:42.850058
96,6107,2024-02-19 11:25:06.198088
392,8689,2024-10-03 11:25:06.484305
476,1802,2024-07-02 11:26:17.596873
933,5496,2024-10-17 11:29:02.533955
182,1404,2024-10-09 11:29:24.336467
840,1448,2024-07-21 11:22:46.211654
625,8184,2024-02-27 11:26:03.546252
840,9203,2024-08-11 11:26:36.788895
685,2712,2024-05-27 11:28:33.798761
376,3372,2024-09-14 11:23:33.119451
336,6363,2024-05-06 11:29:20.324455
287,9409,2024-10-04 11:29:18.890540
454,6352,2024-09-02 11:26:30.802362
373,1413,2024-08-12 11:26:09.528037
402,2447,2024-08-31 11:23:31.179738
743,4504,2024-02-12 11:24:55.600256
904,1633,2024-09-01 11:23:48.686461
622,7061,2024-09-24 11:24:28.185249
412,6719,2024-04-30 11:24:54.383183
553,2770,2024-03-13 11:24:58.733979
197,1808,2024-09-08 11:26:14.117617
219,8543,2024-08-21 11:28:13.034514
441,5102,2024-04-07 11:22:34.888356
413,787,2024-09-01 11:24:10.459725
504,3576,2024-07-25 11:28:10.071181
363,902,2024-10-09 11:22:57.520362
197,9274,2024-07-24 11:25:49.694379
643,8265,2024-03-29 11:25:34.297059
502,6740,2024-09-10 11:29:10.046441
624,8329,2024-08-22 11:24:10.032800
319,1958,2024-05-30 11:25:11.117588
428,143,2024-09-21 11:23:26.797574
373,3746,2024-07-23 11:24:32.033544
194,3728,2024-06-23 11:28:03.224379
740,1682,2024-06-02 11:23:57.996928
938,3337,2024-09-13 11:24:27.415388
959,5100,2024-07-29 11:23:07.318685
301,6509,2024-07-24 11:25:26.782323
488,7100,2024-08-24 11:22:48.148562
884,4550,2024-08-28 11:27:01.429378
538,6154,2024-08-10 11:23:09.581054
492,7206,2023-11-14 11:24:45.826901
943,4938,2024-09-20 11:29:15.288256
700,6752,2024-01-04 11:26:29.821450
487,7779,2024-06-03 11:24:52.447227
314,4712,2024-08-19 11:28:42.636303
521,8969,2024-09-24 11:24:10.252612
442,19,2024-07-04 11:24:07.262384
249,1216,2024-09-12 11:24:31.364896
482,8051,2024-09-01 11:23:28.389306
797,1788,2024-09-16 11:25:03.369939
245,6364,2024-10-07 11:25:09.464400
14,7554,2024-10-05 11:24:02.699164
571,3511,2024-01-24 11:23:10.037976
493,5023,2024-07-01 11:25:15.861078
880,9265,2024-02-28 11:28:03.336340
86,6263,2024-06-22 11:26:20.643837
856,5257,2024-08-29 11:26:36.371292
897,6221,2024-10-11 11:28:57.414312
574,3472,2023-12-27 11:23:44.623371
136,5641,2024-06-27 11:25:33.571418
620,232,2024-10-07 11:25:45.472393
798,1921,2024-10-21 11:24:29.187857
392,973,2024-04-20 11:25:29.925612
297,4823,2024-10-10 11:27:42.261271
401,7840,2024-07-14 11:25:43.732224
523,6095,2024-08-29 11:23:56.440769
708,1823,2024-10-12 11:29:25.648806
508,9183,2024-10-22 11:24:27.289731
689,7044,2024-08-02 11:28:04.183126
185,1940,2024-08-22 11:22:52.655592
194,4643,2024-08-16 11:29:27.737304
513,7641,2024-07-08 11:25:45.214871
277,4081,2024-10-12 11:26:54.583189
265,1308,2024-09-05 11:25:40.910491
413,6515,2024-07-29 11:23:22.369526
325,7045,2024-10-16 11:27:06.044971
138,9236,2024-06-08 11:22:39.468291
237,7148,2024-07-27 11:26:12.945197
63,8233,2024-10-04 11:24:09.602195
679,353,2024-06-10 11:22:53.435998
988,810,2024-07-18 11:26:55.492483
914,5365,2024-08-25 11:24:46.449408
340,6731,2024-08-27 11:22:55.571702
835,1101,2024-05-24 11:23:09.714217
404,769,2024-09-27 11:29:20.479929
959,988,2024-09-07 11:27:40.444584
617,5809,2024-09-09 11:26:32.143713
728,1984,2024-10-07 11:27:01.805101
350,6836,2024-06-04 11:23:58.433668
715,5152,2024-06-10 11:22:48.883162
813,2100,2024-07-21 11:25:23.925297
782,158,2024-09-06 11:25:50.755380
935,8532,2024-08-18 11:22:47.721858
325,4407,2024-07-17 11:26:59.561693
995,1395,2024-07-09 11:25:40.480573
49,539,2024-02-16 11:27:23.008782
671,1103,2024-06-02 11:29:06.754243
443,6985,2024-08-23 11:22:38.007151
671,7615,2024-09-05 11:25:53.168648
465,5454,2024-07-02 11:28:37.779158
389,8743,2024-04-01 11:28:44.963046
512,5785,2024-09-19 11:27:31.898992
95,8621,2024-04-09 11:26:53.217628
329,9235,2024-09-14 11:25:01.889418
381,1521,2024-02-03 11:23:05.221982
631,6093,2024-10-22 11:25:46.377248
590,356,2024-10-05 11:24:40.563850
258,7800,2024-01-02 11:27:19.789420
326,8540,2024-04-01 11:26:15.046538
482,1588,2024-10-21 11:23:56.367989
625,4195,2024-08-05 11:29:06.800466
135,653,2024-06-07 11:24:03.011498
449,109,2024-02-23 11:27:18.351364
449,1008,2024-10-18 11:29:21.502122
32,3601,2024-08-11 11:22:53.983911
988,8773,2024-05-01 11:29:12.628641
665,8000,2024-10-19 11:25:18.900457
841,8519,2024-08-30 11:26:09.561920
135,4467,2023-12-04 11:29:24.646179
224,4448,2024-08-19 11:26:43.537407
137,4801,2024-02-10 11:25:44.138798
523,8227,2024-06-25 11:26:45.646004
993,6306,2024-06-07 11:28:53.461177
224,9245,2024-04-20 11:28:06.369605
917,3496,2024-09-15 11:28:45.327608
182,2226,2024-09-21 11:24:22.393479
9,2799,2024-07-22 11:28:18.581155
223,9174,2024-08-05 11:23:33.478062
973,7126,2024-07-14 11:28:50.607236
523,8815,2024-07-23 11:26:26.864793
991,8543,2024-08-15 11:26:07.701223
885,3312,2024-09-08 11:26:32.694628
694,111,2024-09-14 11:28:23.298792
853,8263,2024-10-22 11:26:28.863709
597,7201,2024-05-02 11:25:45.397924
490,9407,2024-10-05 11:29:07.327695
608,5525,2024-08-09 11:26:27.565361
305,3640,2024-07-07 11:24:16.805700
848,8562,2024-07-31 11:25:52.526397
376,3818,2024-07-01 11:24:34.322893
277,1423,2024-09-09 11:24:47.500403
618,1791,2024-06-21 11:23:11.490120
265,1102,2024-09-21 11:24:41.232136
295,3607,2024-04-26 11:26:28.604548
646,1516,2024-07-17 11:22:52.838633
454,115,2024-03-15 11:25:57.087300
580,7811,2024-05-31 11:23:13.914430
223,1604,2024-09-02 11:24:37.922060
728,842,2024-03-30 11:24:44.442816
362,1882,2024-07-19 11:25:34.177545
288,5614,2024-05-27 11:26:04.485369
492,1795,2024-07-23 11:28:23.431924
458,8935,2024-06-10 11:23:13.137095
531,5161,2024-08-08 11:29:19.386486
508,7753,2024-10-22 11:22:48.904142
295,396,2024-06-24 11:23:02.292424
625,4878,2024-10-12 11:24:36.172716
373,5411,2024-04-14 11:24:27.673082
81,2499,2024-05-27 11:29:19.410482
402,1797,2024-09-25 11:24:46.514326
504,5661,2024-08-24 11:24:03.921877
370,2027,2024-08-19 11:27:06.809246
73,6158,2024-08-27 11:25:54.861119
266,6276,2024-10-02 11:28:24.347571
14,8716,2024-10-03 11:27:07.743152
6,7525,2024-07-28 11:25:28.080230
9,9176,2024-06-03 11:27:18.825512
859,6904,2024-05-02 11:23:31.837581
305,176,2024-04-27 11:28:34.086810
857,7401,2024-07-09 11:23:30.296360
848,2057,2023-12-24 11:24:10.024277
278,8123,2024-02-26 11:27:32.119167
561,2828,2024-05-19 11:28:48.542958
798,8942,2024-09-11 11:27:15.834917
410,9122,2023-11-22 11:27:39.879027
266,1224,2024-10-22 11:27:10.404336
314,3685,2024-08-27 11:23:36.601083
327,3992,2024-02-01 11:23:28.171621
980,7744,2023-12-17 11:24:30.690744
223,8900,2024-10-19 11:24:50.345772
847,6024,2024-09-26 11:25:57.776938
398,7649,2024-04-05 11:25:03.595501
158,2314,2024-03-14 11:23:39.563353
967,3414,2024-10-22 11:26:28.155293
454,5370,2024-10-10 11:23:48.140756
619,4393,2024-03-09 11:28:18.798646
959,3779,2024-07-17 11:27:24.376719
373,6060,2024-08-30 11:26:55.821814
844,7046,2024-09-13 11:28:06.281574
655,2090,2024-09-17 11:27:09.728899
9,5590,2024-09-20 11:23:30.079680
163,2092,2024-09-09 11:29:30.075999
332,3912,2024-02-13 11:24:41.335283
449,9017,2024-08-05 11:26:04.409092
471,7270,2024-08-10 11:23:03.235150
87,7346,2024-10-07 11:22:57.771564
218,5492,2024-09-25 11:26:58.617347
733,8933,2024-09-08 11:22:45.535710
103,3779,2023-12-27 11:28:34.863486
744,6539,2024-08-06 11:27:22.648610
487,7772,2024-02-28 11:24:34.095451
381,2252,2024-05-22 11:26:29.780824
265,1235,2024-08-08 11:29:26.108552
981,748,2024-07-12 11:29:15.901130
458,2463,2024-10-18 11:23:45.096979
601,92,2024-08-28 11:24:50.633233
708,6304,2024-08-15 11:26:45.849194
6,729,2024-08-17 11:22:38.149291
376,8649,2024-09-29 11:25:19.388317
413,4317,2024-08-22 11:23:15.238085
287,5598,2024-09-12 11:26:28.880727
96,7975,2024-10-08 11:22:33.884646
17,8239,2024-04-15 11:26:41.228335
240,4331,2024-05-21 11:25:11.048806
182,5825,2024-09-15 11:22:59.465061
392,863,2024-09-02 11:25:07.320192
625,6538,2024-10-15 11:26:50.876560
240,3082,2024-09-29 11:22:43.333838
382,2833,2024-03-15 11:25:13.949892
978,8972,2024-03-16 11:22:57.448258
194,8894,2024-09-26 11:28:09.487471
331,4073,2024-09-24 11:23:56.214381
185,6755,2024-04-23 11:23:23.747991
781,8858,2024-03-13 11:24:30.868566
73,4644,2024-08-25 11:22:37.255255
827,6536,2024-10-15 11:23:47.111923
325,5648,2024-05-14 11:22:48.612537
825,2085,2024-10-10 11:24:18.415293
884,6378,2024-07-21 11:26:21.531323
793,7899,2024-06-26 11:24:37.547683
949,1875,2024-10-07 11:25:38.247062
861,1808,2024-10-11 11:28:56.915122
508,4685,2024-09-19 11:29:08.693598
373,3418,2024-09-09 11:26:07.376985
26,968,2024-06-18 11:28:53.583742
692,2861,2024-04-10 11:24:33.741362
8,2564,2024-03-02 11:24:35.301587
915,4303,2024-09-05 11:24:21.063914
671,980,2024-10-02 11:24:50.140323
773,7597,2024-10-15 11:28:23.734135
771,664,2024-10-20 11:25:23.029036
47,2603,2024-06-07 11:22:49.748933
555,5361,2024-03-20 11:28:07.764629
943,3864,2024-05-14 11:28:05.474390
915,3627,2024-07-30 11:28:46.077285
406,768,2024-07-30 11:22:39.056324
246,7007,2024-10-07 11:28:38.128168
515,5421,2024-09-02 11:25:54.867112
621,6304,2024-04-26 11:23:51.718095
5,5766,2024-10-08 11:23:23.980222
328,9389,2024-02-19 11:23:02.074336
304,2951,2024-10-12 11:22:41.204742
392,1616,2024-09-15 11:24:40.677297
310,4881,2024-03-10 11:23:27.641573
454,3205,2024-10-03 11:27:29.681971
915,7079,2024-06-09 11:26:24.726592
685,7953,2024-09-13 11:27:25.925735
155,7014,2024-08-29 11:28:05.817045
650,4635,2024-07-04 11:29:22.834714
535,1497,2024-03-28 11:29:22.525292
393,1405,2024-01-31 11:29:08.849492
824,7448,2024-05-24 11:26:03.896571
285,7810,2024-05-28 11:27:27.092940
26,4984,2024-09-03 11:22:32.849772
932,4828,2024-06-14 11:23:19.230885
599,8260,2024-02-09 11:22:47.532414
161,6787,2024-10-05 11:28:19.410085
350,4030,2024-10-11 11:28:58.769990
105,4482,2024-06-26 11:26:55.365172
932,9070,2024-07-21 11:28:00.821211
49,3775,2024-06-23 11:26:06.083993
454,2194,2024-03-22 11:25:00.679470
883,6288,2024-10-22 11:24:42.197957
122,4121,2024-06-20 11:24:04.386381
103,4552,2024-08-29 11:27:40.215762
848,2253,2024-10-01 11:28:56.697117
884,3689,2024-09-29 11:28:23.361918
406,1598,2024-10-07 11:25:42.234053
109,223,2024-10-08 11:29:05.332124
320,7028,2024-10-19 11:27:34.917358
560,70,2024-07-14 11:26:28.121287
717,5521,2024-05-01 11:29:00.095650
824,7871,2024-05-29 11:25:08.586043
490,9384,2024-05-03 11:25:40.245407
597,3992,2024-06-21 11:28:22.160821
988,2627,2024-04-18 11:29:27.533412
837,5846,2024-09-09 11:27:25.565932
116,2690,2024-09-12 11:27:13.571308
418,2490,2024-09-24 11:28:11.354693
783,5441,2024-02-26 11:23:07.985286
106,3527,2024-09-28 11:26:43.954656
619,9150,2024-09-30 11:24:05.987814
840,5614,2024-06-26 11:22:40.319313
406,5104,2024-08-22 11:29:09.777303
908,2131,2024-02-28 11:23:11.038682
265,2878,2024-07-04 11:24:18.357271
305,4667,2024-09-04 11:23:37.080778
754,1082,2024-05-09 11:28:39.851634
401,8909,2024-09-20 11:22:50.623764
659,2745,2024-09-23 11:24:11.969625
384,724,2024-08-27 11:24:03.622672
745,8839,2024-07-18 11:25:29.827804
810,3340,2024-09-13 11:23:35.817997
883,2715,2024-05-17 11:29:04.070333
928,3288,2024-06-05 11:26:00.564395
376,3021,2024-01-06 11:27:58.812103
980,342,2024-05-10 11:23:55.789767
580,3794,2024-01-19 11:27:19.113888
221,5247,2024-03-07 11:24:28.949688
523,6528,2024-09-28 11:27:48.763280
24,8713,2024-05-14 11:23:25.119539
884,509,2024-08-21 11:29:33.316855
829,4331,2024-05-22 11:23:52.367182
488,1984,2024-03-13 11:23:48.029787
636,5064,2023-12-08 11:28:52.508724
933,1161,2024-07-08 11:23:27.101232
636,1242,2024-09-12 11:29:05.731311
938,4998,2024-10-11 11:28:15.197266
358,2019,2024-03-14 11:27:21.920797
346,4307,2024-09-17 11:23:37.597272
490,196,2024-03-01 11:22:36.090535
980,4848,2024-02-08 11:25:30.767517
676,1514,2024-02-04 11:27:57.398441
605,5228,2024-07-22 11:23:49.151569
314,1065,2024-07-30 11:28:45.587341
745,5460,2024-09-20 11:26:36.843009
961,5583,2024-10-21 11:29:18.546401
720,5919,2024-09-27 11:24:02.170144
277,8590,2024-03-19 11:24:12.239468
743,2156,2024-10-16 11:26:29.883496
134,5739,2024-10-11 11:23:24.464553
826,2019,2023-12-26 11:28:26.547279
555,6667,2024-08-26 11:22:35.603998
188,775,2024-07-08 11:29:30.965014
237,4771,2024-07-10 11:27:16.730470
973,4082,2024-03-27 11:29:20.809796
398,1344,2024-08-31 11:29:33.335852
647,4683,2024-02-11 11:27:34.409546
636,5181,2024-10-14 11:23:18.038360
778,1196,2024-05-14 11:26:57.344661
700,1755,2024-07-31 11:22:55.791070
734,3241,2024-02-26 11:29:00.713593
325,7415,2024-10-19 11:22:47.968400
209,1141,2024-08-07 11:25:34.164291
578,860,2024-09-16 11:25:21.573270
334,2119,2024-10-18 11:25:39.599275
633,2334,2024-10-19 11:28:11.464609
463,4422,2024-09-28 11:26:06.897108
597,912,2024-09-01 11:24:47.471405
622,4512,2024-10-14 11:26:28.513222
768,3688,2024-04-19 11:22:44.855618
599,533,2024-10-07 11:26:31.880505
363,3354,2024-06-13 11:25:06.789652
502,9103,2024-08-13 11:28:00.069307
194,6911,2024-06-03 11:28:04.430431
518,412,2024-04-14 11:22:36.698303
26,2993,2024-05-01 11:23:47.788441
518,720,2024-10-09 11:25:30.251422
874,8121,2024-10-05 11:25:13.654670
217,2947,2024-01-31 11:26:18.752234
655,5122,2024-04-09 11:28:20.292208
535,4940,2024-07-12 11:27:29.654266
590,8233,2024-10-22 11:24:04.301712
194,7000,2024-09-06 11:25:27.068406
73,2600,2024-09-08 11:23:48.603988
355,5279,2024-08-17 11:28:00.120194
224,1969,2024-10-22 11:24:45.875345
438,9205,2024-08-20 11:24:59.056640
578,6900,2024-08-03 11:22:31.350406
204,1218,2024-07-12 11:24:31.845401
745,7242,2024-06-03 11:27:29.041491
277,5277,2024-10-02 11:23:46.735824
989,3379,2024-09-16 11:28:20.985111
9,1111,2024-10-08 11:25:04.320568
335,6068,2024-05-26 11:25:55.354889
105,3163,2024-10-17 11:29:10.853478
981,4922,2024-04-05 11:29:27.750652
265,3869,2024-10-11 11:22:42.515518
454,4019,2024-09-13 11:25:21.567272
497,7282,2024-09-08 11:24:06.385052
208,2865,2024-10-10 11:28:04.223808
492,9318,2024-10-15 11:24:32.066544
980,2201,2024-07-12 11:24:22.949725
758,5434,2024-10-18 11:24:49.394516
531,6298,2024-10-16 11:29:19.513248
901,8697,2024-07-26 11:23:54.470344
785,5409,2024-07-12 11:27:32.517337
12,1785,2024-09-21 11:25:01.301579
621,4712,2024-06-30 11:26:09.228985
601,5070,2024-10-08 11:26:33.170974
580,3439,2024-07-26 11:29:19.737718
320,1535,2024-03-31 11:24:19.170776
560,2827,2024-06-21 11:28:47.029176
314,6991,2024-09-02 11:27:33.898153
158,3981,2024-07-27 11:26:48.019333
224,2165,2024-10-03 11:22:46.669484
320,756,2024-09-14 11:26:20.598842
293,239,2024-08-24 11:25:49.779806
807,378,2024-10-05 11:26:24.013879
110,7241,2024-08-04 11:23:26.203076
386,6760,2024-09-08 11:27:55.354086
636,3122,2024-07-03 11:25:26.028075
939,8409,2024-08-04 11:26:20.833437
811,2773,2024-07-31 11:28:44.901048
304,6165,2024-02-21 11:23:28.239060
129,9101,2024-10-18 11:28:19.542080
837,6469,2024-10-08 11:24:28.831936
488,7067,2024-09-29 11:25:58.293445
3,2629,2024-10-07 11:28:29.546166
112,3546,2024-10-20 11:26:02.010799
512,7544,2024-09-14 11:26:38.371934
189,7584,2024-10-10 11:25:20.504734
376,3968,2024-09-10 11:23:37.604280
523,5685,2024-07-14 11:28:35.835531
399,3502,2024-09-04 11:26:30.470792
463,7274,2024-08-05 11:28:47.224858
7,7412,2024-08-27 11:26:34.759960
320,1324,2024-05-23 11:25:53.097494
767,8261,2024-09-30 11:29:35.695264
884,8745,2024-09-30 11:28:57.607294
269,8035,2024-10-04 11:25:43.364764
277,3904,2024-10-11 11:27:09.408673
6,4074,2024-10-08 11:26:54.899723
655,2450,2024-10-13 11:26:03.904363
978,6730,2024-10-22 11:25:10.239409
287,7712,2024-10-09 11:27:16.351640
78,147,2024-08-31 11:23:24.570836
508,4566,2024-10-20 11:25:35.526966
4,8817,2024-10-09 11:24:24.389754
426,4974,2024-05-04 11:28:00.985714
482,8092,2023-12-24 11:27:41.390992
619,6812,2024-09-17 11:29:05.716112
49,4773,2024-07-13 11:28:45.034407
488,7464,2024-06-24 11:24:46.964650
216,6310,2024-10-21 11:24:39.637932
221,3827,2024-10-22 11:24:07.884386
458,7889,2024-10-17 11:24:10.194753
967,4544,2024-03-09 11:22:36.624593
590,3819,2024-10-17 11:25:01.905374
922,5333,2024-10-08 11:24:55.255566
609,6775,2024-05-16 11:27:47.196578
138,6854,2024-08-11 11:24:39.659938
182,5047,2024-04-28 11:27:00.944408
981,311,2024-09-24 11:25:45.953347
993,8731,2024-10-20 11:23:29.462417
324,7499,2024-10-09 11:24:13.522337
758,1336,2024-05-29 11:27:00.808520
33,5179,2024-10-20 11:23:55.784199
161,6480,2024-01-20 11:25:04.747617
78,5475,2024-10-16 11:25:16.611199
708,3084,2024-09-21 11:24:52.334026
869,2580,2024-10-16 11:26:35.426271
799,1644,2024-08-25 11:25:58.299442
325,6714,2024-10-19 11:24:45.480333
268,6451,2024-05-04 11:24:55.804708
613,3085,2024-08-26 11:28:17.716324
859,1764,2024-10-11 11:25:25.864037
68,8468,2024-09-13 11:25:04.512371
719,6758,2024-04-19 11:24:53.887346
346,907,2024-04-20 11:25:07.719220
340,517,2024-09-16 11:27:12.263405
647,6685,2024-03-25 11:25:06.234085
580,9094,2024-10-13 11:27:55.595387
160,5702,2024-10-09 11:29:15.633771
515,2969,2024-02-14 11:24:03.978875
471,5694,2024-09-15 11:28:32.803460
470,824,2024-09-08 11:28:48.943617
409,4124,2023-12-13 11:22:30.837420
7,4970,2024-06-30 11:23:07.430836
597,4513,2024-06-22 11:23:35.924399
977,1628,2024-09-07 11:23:18.878823
340,525,2024-07-31 11:25:36.679960
240,628,2024-10-04 11:23:08.019284
382,5049,2023-12-28 11:28:01.928180
287,4817,2024-09-09 11:23:53.325159
584,1743,2024-05-08 11:23:54.643282
201,6413,2024-10-21 11:24:03.881050
634,2099,2024-04-09 11:24:36.920338
98,7520,2024-06-14 11:29:02.345388
118,2493,2024-06-09 11:24:03.268351
597,1409,2024-02-21 11:26:51.750153
718,8354,2024-07-25 11:24:53.718497
669,1877,2024-07-15 11:22:50.366576
401,1356,2024-03-03 11:28:41.734071
232,4120,2024-10-21 11:23:49.211374
734,695,2024-08-20 11:28:44.502414
412,618,2024-10-02 11:22:46.133686
59,7231,2024-09-03 11:26:50.152511
386,7620,2024-10-20 11:24:57.371355
834,8786,2024-08-12 11:25:23.227231
42,6350,2024-01-22 11:27:23.912036
474,5063,2024-10-03 11:27:15.064375
802,1770,2024-09-02 11:26:51.254468
9,5726,2024-09-25 11:29:05.803625
641,6908,2024-09-09 11:24:47.467402
521,9361,2024-08-17 11:26:35.326186
428,7325,2024-10-10 11:28:07.465411
817,2595,2024-07-02 11:29:23.854049
659,5560,2024-09-18 11:28:09.282595
531,6658,2024-06-22 11:26:32.448247
314,2993,2024-10-22 11:23:48.618988
971,5630,2024-09-18 11:27:33.905152
155,1740,2024-01-02 11:25:42.170100
41,3007,2024-05-28 11:23:29.406526
401,8367,2024-10-08 11:23:50.010817
258,5385,2024-09-27 11:25:06.299191
492,2101,2024-09-03 11:23:53.677356
508,1243,2024-09-24 11:23:42.668923
967,1229,2024-10-02 11:25:05.665046
590,4893,2024-10-13 11:27:13.560063
634,5051,2024-07-10 11:26:28.579557
836,7370,2024-09-03 11:28:22.928246
798,7011,2024-06-08 11:24:03.251293
730,7423,2024-09-26 11:26:46.682320
460,8506,2024-09-18 11:24:36.317204
278,9313,2024-01-20 11:25:50.204955
589,2193,2024-10-21 11:23:47.172937
656,5900,2024-06-07 11:24:44.714131
817,9427,2024-05-20 11:24:30.832042
702,5187,2024-08-22 11:25:04.304566
194,9058,2024-10-22 11:22:33.545765
458,5692,2024-08-31 11:22:45.859921
545,6358,2024-01-18 11:28:19.896075
386,2285,2024-08-31 11:29:11.279513
708,3774,2024-10-07 11:28:07.260527
839,4748,2024-07-12 11:29:15.959308
978,1732,2024-08-06 11:26:12.887840
819,9033,2024-08-14 11:23:43.364327
545,7666,2024-08-31 11:28:07.718760
8,7235,2024-03-06 11:23:59.083928
116,5335,2024-05-07 11:22:51.325770
983,3779,2024-07-11 11:23:17.451523
856,6090,2024-07-20 11:26:47.630449
967,6548,2024-04-13 11:29:28.647106
339,5041,2024-08-29 11:26:06.247291
679,2538,2024-06-26 11:24:04.320071
73,156,2024-04-13 11:22:42.462523
278,5842,2024-09-25 11:24:28.569602
988,6467,2024-10-19 11:27:30.071012
438,5757,2024-02-27 11:27:56.104377
490,9221,2024-08-05 11:28:16.152133
458,5899,2024-08-08 11:24:47.135263
363,2846,2024-10-02 11:26:30.155157
608,7307,2024-05-22 11:24:52.814902
880,671,2024-10-20 11:24:55.576729
224,61,2024-09-17 11:23:37.524191
821,4990,2024-08-10 11:28:05.241731
268,5719,2024-06-18 11:24:04.222263
606,3017,2024-09-11 11:25:19.850583
565,2890,2023-12-16 11:23:09.020615
334,8667,2024-04-10 11:27:24.938493
208,1452,2024-10-18 11:22:44.263838
973,1958,2024-08-01 11:24:47.577365
521,5737,2024-10-22 11:29:21.216103
402,3940,2024-01-28 11:27:55.831306
504,3568,2024-09-26 11:25:27.293385
4,4995,2024-10-10 11:23:51.451277
370,9141,2024-06-17 11:22:47.934757
183,4259,2024-10-16 11:22:59.925224
608,5584,2024-09-29 11:23:55.233488
230,6594,2024-09-04 11:23:31.877298
153,1322,2024-09-03 11:23:42.031787
266,6817,2024-06-02 11:23:46.397805
269,7372,2024-01-26 11:29:34.318075
723,4197,2024-08-22 11:24:32.770128
578,5705,2024-10-18 11:22:44.599878
363,5578,2024-10-19 11:22:41.053202
503,6944,2024-04-27 11:23:20.774428
798,444,2024-10-18 11:26:18.312322
86,3146,2024-10-13 11:26:11.621734
817,8581,2024-07-03 11:28:27.091799
401,2445,2024-08-23 11:28:02.128604
889,7466,2024-08-13 11:25:55.977220
173,8878,2024-10-02 11:27:27.370229
596,6347,2024-05-09 11:23:23.262404
312,1105,2024-08-21 11:23:40.284388
895,2135,2024-08-05 11:28:45.293913
443,5138,2024-04-04 11:25:08.859655
723,5617,2024-09-13 11:28:49.184954
477,8818,2024-08-05 11:26:26.600358
292,5945,2024-09-09 11:26:12.383679
40,4586,2024-07-29 11:22:53.797717
984,2181,2024-09-28 11:24:01.872764
853,4217,2024-06-07 11:29:22.221992
906,5034,2024-09-18 11:23:40.405077
156,1102,2024-10-22 11:27:45.081285
304,7565,2024-05-14 11:26:45.143627
101,5212,2024-10-09 11:25:52.999339
636,6173,2024-06-27 11:25:43.915666
89,1856,2024-07-23 11:24:38.884809
287,2519,2024-05-04 11:24:36.969334
811,6802,2024-09-21 11:23:16.756077
914,4628,2024-05-24 11:27:42.350381
346,2231,2024-10-07 11:24:36.140714
269,359,2024-07-29 11:28:15.897047
943,6026,2024-07-10 11:25:15.189244
458,118,2024-04-27 11:28:43.561470
636,270,2024-08-31 11:23:09.723737
960,1101,2024-07-06 11:29:00.043572
378,2544,2024-09-12 11:25:38.075385
923,7838,2024-10-07 11:22:46.595679
962,4749,2024-05-04 11:26:24.270865
269,7275,2023-11-03 11:28:02.195273
164,7848,2024-10-20 11:29:10.348455
103,9244,2024-07-05 11:28:14.126491
473,6161,2024-05-29 11:24:28.194514
96,7375,2024-06-24 11:24:29.722830
552,1790,2024-09-23 11:27:42.829543
197,3170,2024-03-16 11:26:12.002494
303,492,2024-04-05 11:28:12.654196
132,1344,2024-09-02 11:25:59.342090
933,3949,2024-09-22 11:27:40.097496
793,8245,2024-10-07 11:26:01.359706
933,7954,2024-09-21 11:27:45.852590
991,1099,2023-12-03 11:26:48.547958
386,3191,2024-08-06 11:23:38.070942
545,7789,2024-03-27 11:25:35.105291
985,4001,2024-08-28 11:28:48.677375
149,19,2024-07-29 11:27:26.842432
959,8614,2024-07-25 11:25:11.919591
685,3117,2024-09-27 11:26:24.156248
269,1995,2024-10-13 11:26:32.303018
694,6521,2024-05-09 11:22:45.240615
674,1663,2024-09-08 11:26:19.693584
69,3516,2024-05-31 11:24:49.155447
471,879,2024-10-22 11:23:35.311206
441,4732,2024-09-24 11:23:41.400809
129,6397,2024-08-11 11:26:50.281611
996,1731,2024-06-09 11:27:49.508146
86,5206,2024-05-07 11:29:22.321526
9,2556,2024-10-14 11:24:09.554061
798,980,2024-08-02 11:27:21.930795
314,5738,2024-10-09 11:24:04.870618
922,8620,2024-07-12 11:28:10.856743
872,2313,2024-09-11 11:24:26.978352
661,8955,2024-04-11 11:25:33.305031
929,3975,2024-10-11 11:27:10.550133
821,647,2024-04-26 11:25:27.455086
332,7479,2024-08-22 11:25:36.810237
904,1939,2024-07-11 11:26:51.808663
621,2156,2024-06-04 11:23:25.595761
336,5395,2024-10-07 11:24:49.131392
590,4936,2024-09-20 11:23:46.362489
521,614,2024-09-20 11:22:48.349751
480,2137,2024-08-08 11:25:49.093801
852,7677,2024-10-11 11:25:52.884695
453,4996,2024-07-26 11:22:47.357843
201,3336,2024-02-04 11:28:32.542652
257,4804,2024-10-20 11:29:20.298811
217,6050,2024-05-08 11:27:31.416683
959,8648,2024-05-03 11:26:40.584706
6,6627,2024-06-08 11:24:20.552181
183,1841,2024-10-16 11:28:19.451082
232,624,2024-09-22 11:29:34.731897
433,3313,2024-04-11 11:23:17.979398
645,3308,2024-08-03 11:22:37.503569
647,7007,2024-04-14 11:29:08.560273
194,188,2024-03-10 11:24:57.973842
655,4159,2024-04-20 11:27:12.884767
359,4149,2024-02-27 11:26:47.520229
936,1831,2024-10-08 11:28:33.837475
981,3002,2024-08-16 11:27:25.818354
284,2419,2024-10-09 11:27:10.712522
477,4851,2024-09-17 11:23:24.718598
488,1113,2024-08-18 11:22:56.191499
694,7526,2024-10-18 11:26:38.017032
422,480,2024-09-04 11:27:54.637067
933,3361,2024-07-14 11:27:32.384349
183,9303,2024-07-16 11:25:04.182094
427,1514,2024-10-06 11:23:38.080236
660,8506,2023-11-26 11:28:02.918188
720,7469,2024-10-09 11:29:06.560540
284,8884,2024-10-10 11:24:01.113930
81,2544,2024-10-18 11:25:15.968692
916,7159,2024-10-01 11:23:35.898927
933,5625,2024-04-17 11:23:27.147438
515,2896,2024-09-27 11:28:39.262121
908,926,2024-09-02 11:26:43.472166
401,9059,2024-09-28 11:27:56.291724
517,3131,2024-04-06 11:24:22.992191
816,3831,2024-09-06 11:24:25.195881
874,7325,2024-06-04 11:29:17.876269
260,3102,2024-07-20 11:25:33.712313
310,4563,2024-04-18 11:26:56.203505
452,191,2024-04-20 11:25:38.310117
492,2823,2024-10-18 11:28:29.918478
426,4308,2024-10-07 11:26:54.178016
492,267,2024-03-11 11:22:59.331579
90,5137,2024-03-15 11:27:04.301432
840,5054,2024-03-17 11:25:12.311669
371,8464,2024-08-29 11:24:51.624331
277,4516,2024-08-09 11:26:06.675437
802,7464,2024-09-21 11:24:41.495345
269,3815,2024-09-27 11:27:42.581372
981,4199,2024-08-25 11:24:43.768925
720,2378,2024-07-30 11:28:01.596975
265,8762,2024-10-08 11:25:22.565185
523,5404,2024-09-30 11:24:07.044301
578,8250,2024-10-06 11:26:01.763627
589,5214,2024-07-24 11:23:58.966771
933,2570,2024-04-18 11:26:33.179865
266,3982,2024-09-12 11:23:49.987813
706,1466,2024-10-11 11:23:57.981931
974,707,2024-08-25 11:23:04.265389
689,404,2024-07-23 11:29:13.276355
608,3886,2024-09-17 11:23:57.587620
359,4336,2024-09-30 11:23:25.685403
847,2476,2024-09-17 11:26:56.341990
401,2209,2024-10-15 11:28:20.042118
929,9324,2024-07-31 11:24:14.971636
161,8438,2024-04-17 11:23:19.751172
401,2938,2024-08-05 11:23:03.378394
720,2405,2024-09-27 11:29:15.780318
306,9271,2024-05-09 11:24:20.957581
117,4874,2024-04-12 11:27:06.230773
706,9330,2024-09-03 11:26:24.398421
483,1945,2024-08-17 11:23:06.231872
442,5918,2024-09-05 11:24:28.171249
392,5808,2024-09-28 11:28:43.858356
204,4705,2024-09-13 11:22:56.304688
304,6646,2024-08-27 11:25:23.159744
334,4849,2024-09-20 11:26:49.650212
155,4894,2024-09-07 11:25:51.088500
392,3810,2024-09-28 11:27:34.791882
304,7391,2024-06-22 11:23:09.255356
538,4877,2024-08-22 11:29:03.183915
96,3657,2024-08-08 11:23:10.738301
9,5676,2024-09-24 11:28:45.700638
138,3122,2024-09-19 11:27:57.528276
49,8329,2024-03-06 11:24:35.007255
352,3944,2024-09-28 11:26:18.268146
201,4995,2024-10-04 11:28:19.350120
708,1929,2024-09-13 11:25:17.753108
952,5011,2024-06-26 11:29:16.048783
850,8280,2024-06-23 11:24:41.155407
865,4814,2024-10-13 11:29:28.527976
4,195,2024-06-01 11:25:31.571912
477,2915,2024-08-15 11:29:26.220258
689,8398,2024-10-20 11:24:58.324442
717,6272,2024-09-30 11:23:12.872230
966,3443,2024-10-21 11:23:29.291772
932,3839,2024-08-30 11:27:42.892055
481,6159,2024-06-26 11:24:50.497636
582,2198,2024-10-15 11:25:05.346475
3,7435,2024-10-17 11:26:05.365653
632,9356,2024-09-09 11:24:32.237167
657,2312,2024-10-18 11:29:26.273187
305,2257,2024-07-17 11:26:48.558610
266,4821,2024-07-03 11:27:42.702804
17,504,2024-06-02 11:26:55.852811
4,9332,2024-03-18 11:23:25.148530
262,4049,2024-06-19 11:25:30.677448
743,3216,2024-08-25 11:22:52.415830
959,1021,2023-11-09 11:27:44.255753
875,1961,2024-03-21 11:24:32.324996
412,5981,2024-08-14 11:29:26.957524
894,4554,2024-02-29 11:23:47.698323
73,2941,2024-10-18 11:28:36.624912
479,2676,2024-06-28 11:23:38.121047
98,3310,2024-08-23 11:28:51.278573
988,8756,2024-03-01 11:22:56.117035
135,155,2024-10-22 11:24:33.112308
197,2605,2024-07-14 11:27:14.547931
401,3574,2024-10-09 11:28:03.193678
510,565,2024-07-24 11:26:02.929645
138,2014,2024-10-14 11:27:20.244130
636,4310,2024-09-03 11:29:19.285749
359,8861,2024-07-24 11:25:34.949833
217,31,2024-10-21 11:28:56.418237
892,8473,2024-10-07 11:23:28.224296
248,6413,2024-06-12 11:29:35.297491
853,3258,2024-10-22 11:23:45.230105
42,8408,2024-09-05 11:27:56.485241
680,4368,2024-10-04 11:24:07.948418
413,5507,2024-08-18 11:24:42.453707
545,6403,2024-09-08 11:25:29.101496
161,9047,2024-07-01 11:27:07.633848
334,4656,2024-06-16 11:22:58.949244
42,1956,2024-05-19 11:22:38.437564
938,224,2024-05-11 11:22:50.886946
508,1651,2024-10-12 11:25:26.585577
237,2303,2024-09-05 11:27:37.102637
49,9422,2024-08-02 11:22:38.701816
237,1128,2024-05-23 11:23:48.023788
208,2341,2024-08-31 11:24:17.776040
93,3642,2024-10-12 11:22:52.590797
534,5213,2024-09-19 11:29:26.881872
580,6799,2024-10-11 11:27:35.229061
4,8099,2024-03-28 11:27:48.251546
902,2599,2024-09-15 11:25:08.690724
668,4245,2024-03-30 11:26:56.599345
386,1138,2024-03-19 11:22:34.635358
75,4602,2024-09-02 11:24:36.389911
882,7755,2024-05-25 11:26:54.991779
802,7360,2024-06-07 11:25:19.556284
523,3050,2024-08-07 11:28:31.357176
355,4684,2024-08-02 11:28:56.082141
904,3484,2024-07-08 11:26:30.092295
811,134,2024-10-10 11:28:28.833321
58,856,2024-08-10 11:29:32.559294
310,2698,2024-09-16 11:27:22.432759
155,4957,2024-10-05 11:23:54.264312
86,8278,2024-07-11 11:28:40.589438
904,6752,2024-07-02 11:23:21.569224
413,5351,2024-10-07 11:25:43.134762
105,7967,2024-10-05 11:23:04.700785
6,2359,2024-10-22 11:27:02.751491
443,1667,2024-04-19 11:25:37.549206
81,626,2024-01-02 11:27:49.718005
76,8644,2024-10-22 11:25:01.631505
817,1176,2024-08-06 11:23:25.799169
235,4321,2024-07-21 11:26:32.163729
767,3796,2024-08-19 11:23:46.723052
884,8435,2024-07-08 11:22:54.042910
11,1425,2024-09-16 11:23:01.923205
374,1622,2024-07-15 11:24:40.862406
246,479,2024-10-22 11:24:48.480362
636,2350,2024-09-27 11:28:53.643271
739,2310,2024-07-01 11:26:56.898295
601,3392,2024-10-03 11:26:36.780898
12,8809,2023-12-27 11:27:43.866360
874,8201,2024-03-03 11:29:00.246452
798,6048,2024-10-14 11:28:59.802155
442,7905,2024-06-21 11:23:41.776662
499,3017,2024-03-09 11:28:11.796105
441,6897,2024-08-13 11:26:15.569228
161,1978,2024-09-26 11:23:50.390261
60,6513,2024-04-21 11:24:37.145114
725,7209,2024-09-13 11:27:43.217254
742,4040,2024-10-07 11:24:43.947934
708,5435,2024-09-09 11:23:15.506344
240,4639,2024-04-20 11:27:48.127162
401,6586,2024-05-18 11:24:01.667239
288,3787,2024-04-12 11:28:03.713044
285,4277,2024-08-21 11:25:02.248310
473,1998,2024-10-01 11:24:24.679068
468,1872,2024-10-06 11:24:56.439201
47,673,2024-10-10 11:29:26.399696
535,5401,2024-08-17 11:23:04.880819
194,1956,2024-08-04 11:27:55.027615
723,2014,2024-10-12 11:25:04.779267
471,2636,2024-09-17 11:25:14.874431
332,1029,2024-06-17 11:23:33.996206
325,5538,2024-06-21 11:28:24.150891
608,5924,2024-09-30 11:22:43.866336
967,1420,2024-03-09 11:25:02.853454
874,7326,2024-10-14 11:29:32.197116
981,3480,2024-03-15 11:23:35.131563
438,7518,2024-04-21 11:28:24.318952
949,8085,2024-10-09 11:28:22.827579
717,1825,2024-05-11 11:23:53.787199
119,7841,2024-10-11 11:24:10.794349
51,7866,2024-10-11 11:25:23.569524
720,7642,2024-06-26 11:28:23.915319
619,4055,2024-03-06 11:23:58.346819
401,3714,2024-03-04 11:22:29.724537
880,3580,2024-07-17 11:24:09.853373
86,9435,2024-07-29 11:28:33.691083
730,5695,2024-10-12 11:23:49.390346
373,4974,2024-06-12 11:23:33.240284
521,793,2024-09-01 11:26:55.053402
392,2000,2024-03-17 11:28:16.235714
442,3674,2024-09-25 11:28:06.929386
19,5696,2024-03-20 11:26:29.317785
9,3022,2024-10-06 11:29:06.133355
408,5748,2024-07-03 11:22:29.814879
392,8729,2024-06-12 11:27:34.445545
720,2848,2024-09-21 11:24:36.299207
479,4425,2024-10-15 11:25:12.324670
37,1971,2023-12-29 11:23:39.953497
799,797,2024-09-25 11:27:09.961383
355,1792,2024-04-07 11:24:32.100762
521,9326,2024-03-12 11:27:07.892300
817,5257,2024-10-06 11:24:29.967566
629,3718,2024-07-29 11:27:47.527678
373,6061,2024-10-05 11:29:26.094791
929,6175,2024-08-25 11:22:38.766554
774,7002,2024-08-30 11:26:33.849373
240,3608,2024-10-22 11:29:17.094613
105,8381,2024-01-06 11:23:46.632095
228,257,2024-09-05 11:25:36.625039
875,8858,2024-10-12 11:29:07.999334
46,5744,2024-05-23 11:28:35.229294
840,3791,2024-09-20 11:29:09.437134
633,5652,2024-09-22 11:24:23.084754
319,462,2024-08-24 11:25:53.569812
84,2114,2024-09-09 11:28:26.388747
486,3119,2024-04-01 11:27:32.084184
759,6924,2024-10-18 11:24:26.219212
591,7615,2024-06-14 11:26:13.463196
664,641,2024-09-29 11:22:29.847993
638,801,2024-07-31 11:22:34.712689
555,3249,2024-07-06 11:27:21.066298
933,9176,2024-09-09 11:24:47.797726
454,5188,2024-10-13 11:23:12.972428
923,871,2024-03-26 11:25:00.180686
694,2839,2024-08-02 11:24:55.860230
487,6157,2024-09-10 11:24:58.210136
884,9136,2023-12-13 11:23:36.150516
715,1388,2024-09-30 11:22:59.388693
231,1082,2024-04-10 11:27:02.114225
694,3309,2024-06-05 11:27:24.020363
981,7760,2024-09-03 11:27:05.462158
3,8815,2024-09-10 11:27:09.563972
176,6201,2024-04-09 11:27:07.546766
959,2067,2024-07-23 11:28:30.487350
26,3035,2024-05-23 11:28:40.809239
660,1498,2024-06-05 11:29:04.230387
183,892,2024-08-05 11:25:45.253515
266,776,2024-09-09 11:28:21.118518
370,2204,2024-10-18 11:24:15.571073
309,6661,2024-10-02 11:28:39.657884
222,1046,2024-10-22 11:29:23.768185
362,867,2024-10-21 11:22:47.331422
668,318,2024-08-24 11:29:05.593847
14,5810,2024-09-07 11:29:33.224865
319,2266,2024-09-04 11:22:57.571770
671,4855,2024-07-03 11:22:44.770093
988,6774,2024-09-28 11:28:43.359421
73,7447,2024-06-07 11:24:05.669470
105,4329,2024-09-24 11:23:53.575835
887,7777,2024-05-21 11:24:38.537473
393,2225,2024-10-05 11:29:28.630104
304,4441,2024-02-20 11:28:51.381260
973,9039,2024-10-21 11:24:00.537595
580,5369,2023-12-26 11:22:38.140989
626,2934,2024-10-18 11:28:51.776178
960,5318,2024-10-18 11:22:53.223569
157,2842,2024-09-15 11:23:56.665712
269,301,2024-10-21 11:23:45.387762
969,9355,2024-09-01 11:23:42.369636
786,7014,2024-08-04 11:27:15.578498
376,5395,2024-09-02 11:29:06.303909
135,1205,2024-10-21 11:24:25.378959
758,8320,2024-08-28 11:28:54.437151
634,6448,2024-10-03 11:26:49.687081
86,7222,2024-10-07 11:26:45.842191
735,7112,2024-06-06 11:28:40.971216
938,4142,2024-09-06 11:25:51.611868
42,5149,2024-07-21 11:29:17.761087
313,1031,2024-05-26 11:22:29.741535
565,8593,2024-06-25 11:25:36.955123
363,5267,2024-07-10 11:29:28.433488
153,2278,2024-07-02 11:27:22.788508
401,927,2024-09-11 11:25:42.129701
956,4485,2024-03-28 11:27:46.516135
320,1304,2024-03-08 11:22:49.423039
98,3335,2024-09-25 11:24:20.879135
54,4184,2024-09-13 11:27:00.682015
523,2699,2024-10-09 11:23:28.439304
185,24,2024-01-20 11:22:54.973207
47,2117,2024-07-02 11:26:42.844205
728,2010,2024-06-10 11:22:48.031387
132,847,2024-04-12 11:23:28.087526
627,8077,2024-08-14 11:29:33.192866
393,6773,2024-08-29 11:27:20.849458
685,1423,2024-02-08 11:27:07.205239
989,1202,2024-05-28 11:22:44.249832
810,3335,2024-10-08 11:24:41.783328
74,5786,2024-05-28 11:23:08.071284
523,7876,2024-10-13 11:26:44.901158
458,873,2024-01-20 11:25:21.105296
359,846,2024-10-17 11:23:03.157149
266,2395,2024-05-13 11:27:14.660699
922,7272,2024-09-29 11:29:08.659610
932,4303,2024-07-01 11:28:50.909969
8,6732,2024-09-04 11:29:26.702936
924,7887,2024-04-04 11:28:54.303169
432,4124,2024-09-04 11:28:12.501635
671,780,2024-10-08 11:27:36.146892
204,9286,2024-04-19 11:29:07.879283
395,5882,2024-04-18 11:26:59.218087
226,1163,2024-05-26 11:25:04.617857
13,3358,2024-05-29 11:24:48.921623
902,4687,2024-10-11 11:25:34.899837
197,6417,2024-07-18 11:23:19.979263
535,3229,2024-09-18 11:29:10.177162
710,8917,2024-07-17 11:26:52.322360
544,1077,2024-10-08 11:26:12.429370
334,8468,2024-05-22 11:25:18.035561
685,8887,2024-08-24 11:26:32.567549
719,926,2024-08-31 11:23:00.185821
636,2407,2024-08-18 11:24:12.857582
880,7354,2024-08-23 11:25:28.791444
564,8999,2024-10-02 11:29:33.011540
349,7862,2024-01-27 11:25:12.513733
669,7937,2024-10-22 11:22:50.329444
535,2582,2024-03-08 11:28:20.462394
909,1305,2024-02-14 11:28:22.187895
382,5978,2024-08-12 11:26:52.000381
26,93,2024-10-18 11:27:17.037608
458,3925,2024-07-19 11:28:48.619351
75,2231,2024-08-20 11:24:16.668807
829,2773,2024-09-17 11:29:07.504437
809,8217,2024-09-24 11:27:56.097383
359,259,2024-06-24 11:24:34.149380
722,1362,2024-07-07 11:29:07.510437
454,3536,2024-10-04 11:23:20.640932
438,5031,2024-05-07 11:29:32.024027
759,1920,2024-09-25 11:24:56.248746
676,6273,2024-10-03 11:24:56.088695
362,5762,2024-08-31 11:29:24.860521
244,5302,2024-10-10 11:23:52.215112
574,5945,2024-05-03 11:27:45.958077
355,501,2024-03-30 11:23:44.374104
619,2718,2024-10-02 11:28:21.330379
856,9429,2024-10-01 11:29:20.845798
861,1329,2024-10-10 11:29:17.913291
149,5991,2024-09-19 11:27:47.605122
871,7209,2024-10-21 11:24:45.246667
392,4136,2024-04-20 11:28:33.758229
422,4927,2024-09-08 11:24:44.595515
98,7084,2024-01-07 11:25:26.484002
717,5879,2024-07-10 11:24:08.455397
980,155,2024-08-17 11:24:50.953771
135,1972,2024-10-01 11:26:50.494341
545,8129,2024-08-14 11:28:51.199460
376,7647,2024-04-04 11:23:33.223766
438,3254,2024-07-17 11:23:08.040283
135,6085,2024-10-21 11:22:54.979210
115,158,2024-07-19 11:26:05.931942
303,8027,2023-12-31 11:28:04.624991
129,8376,2024-10-11 11:28:33.017353
314,3644,2024-10-19 11:29:04.311349
334,156,2024-06-24 11:24:31.461520
930,3894,2024-08-05 11:28:57.578276
960,6127,2024-07-25 11:26:54.069851
671,4609,2024-08-29 11:25:36.939127
739,4299,2024-09-28 11:24:52.836222
204,3891,2024-10-20 11:26:16.279790
619,2947,2024-05-07 11:23:11.540767
830,6841,2024-05-28 11:25:06.614490
393,7404,2024-10-08 11:28:10.303551
981,6186,2024-04-06 11:26:35.537962
392,2054,2024-09-15 11:25:04.470242
996,8180,2024-10-01 11:26:44.977106
216,2503,2024-09-06 11:26:27.602672
744,2083,2024-10-02 11:24:05.763005
183,5455,2024-09-24 11:24:35.015309
374,1393,2024-05-26 11:28:01.041471
325,4227,2024-09-26 11:23:40.374112
355,5123,2024-10-17 11:26:40.067588
406,3344,2024-09-13 11:23:52.009364
129,4294,2024-08-04 11:29:11.864219
34,9021,2024-07-17 11:26:38.259681
305,3972,2024-09-24 11:25:56.850418
204,2050,2024-03-27 11:25:44.679067
856,1404,2024-03-24 11:26:41.766558
96,5000,2024-06-19 11:28:00.325643
208,1388,2024-02-13 11:26:16.014792
848,3197,2024-07-19 11:24:19.719280
465,1149,2024-07-05 11:24:43.545259
32,240,2024-09-03 11:26:12.851288
563,1525,2024-10-12 11:23:46.016733
881,3529,2024-04-11 11:29:10.081144
647,1491,2024-07-10 11:25:32.592392
918,6055,2024-09-20 11:23:48.484628
930,6284,2024-10-17 11:23:21.934579
739,7580,2023-12-12 11:29:31.377950
521,9077,2024-02-01 11:27:43.600528
305,5706,2024-10-22 11:23:34.841435
502,6812,2024-10-19 11:27:21.164869
268,4567,2024-05-09 11:23:01.324520
138,11,2024-08-01 11:26:17.679021
314,2349,2024-09-02 11:24:36.655685
183,7394,2024-08-12 11:28:34.602236
293,6571,2024-08-24 11:25:27.169385
495,5411,2024-10-18 11:28:56.199633
225,486,2024-09-06 11:24:06.863204
831,3521,2024-10-22 11:28:54.549243
